comune;sigla;lat;lon
Abano Terme;PD;45.35939;11.78871
Abbadia Cerreto;LO;45.31239;9.59252
Abbadia Lariana;LC;45.90050;9.33455
Abbadia San Salvatore;SI;42.88097;11.67751
Abbasanta;OR;40.12390;8.82102
Abbateggio;PE;42.22447;14.01007
Abbiategrasso;MI;45.39858;8.91749
Abetone Cutigliano;PT;44.10040;10.75640
Abriola;PZ;40.50793;15.81220
Acate;RG;37.02640;14.49373
Accadia;FG;41.15812;15.33092
Acceglio;CN;44.47581;6.99122
Accettura;MT;40.49150;16.15736
Acciano;AQ;42.17672;13.71835
Accumoli;RI;42.69478;13.24769
Acerenza;PZ;40.79553;15.94168
Acerno;SA;40.73830;15.05944
Acerra;NA;40.94586;14.37118
Aci Bonaccorsi;CT;37.59789;15.10861
Aci Castello;CT;37.55582;15.14523
Aci Catena;CT;37.60268;15.14224
Aci Sant'Antonio;CT;37.60602;15.12585
Acireale;CT;37.61215;15.16629
Acquafondata;FR;41.54312;13.95217
Acquaformosa;CS;39.72177;16.09008
Acquafredda;BS;45.30717;10.41190
Acqualagna;PU;43.61673;12.67087
Acquanegra Cremonese;CR;45.16832;9.88879
Acquanegra sul Chiese;MN;45.16050;10.43339
Acquapendente;VT;42.74404;11.86505
Acquappesa;CS;39.49462;15.95404
Acquaro;VV;38.55558;16.18996
Acquasanta Terme;AP;42.76912;13.40930
Acquasparta;TR;42.69063;12.54631
Acquaviva Collecroce;CB;41.86790;14.74674
Acquaviva Picena;AP;42.94473;13.81464
Acquaviva Platani;CL;37.57170;13.70014
Acquaviva d'Isernia;IS;41.67211;14.14986
Acquaviva delle Fonti;BA;40.89657;16.84189
Acquedolci;ME;38.05636;14.58806
Acqui Terme;AL;44.67661;8.46975
Acri;CS;39.48836;16.38155
Acuto;FR;41.79187;13.17303
Adelfia;BA;41.00183;16.87200
Adrano;CT;37.66181;14.83269
Adrara San Martino;BG;45.69820;9.94825
Adrara San Rocco;BG;45.71217;9.95771
Adria;RO;45.05466;12.05645
Adro;BS;45.62514;9.95535
Affi;VR;45.55158;10.77315
Affile;RM;41.88438;13.09729
Afragola;NA;40.92236;14.30987
Africo;RC;38.05016;16.13038
Agazzano;PC;44.94681;9.52061
Agerola;NA;40.63798;14.54492
Aggius;SS;40.92881;9.06392
Agira;EN;37.65721;14.52380
Agliana;PT;43.90279;11.00653
Agliano Terme;AT;44.79070;8.25110
Aglientu;SS;41.08162;9.11301
Agliè;TO;45.36343;7.76860
Agna;PD;45.16978;11.95673
Agnadello;CR;45.44714;9.55921
Agnana Calabra;RC;38.30236;16.22515
Agnone;IS;41.80610;14.36657
Agnosine;BS;45.64771;10.35768
Agordo;BL;46.28147;12.03335
Agosta;RM;41.98200;13.03208
Agra;VA;46.03409;8.77145
Agrate Brianza;MB;45.57546;9.35176
Agrate Conturbia;NO;45.67598;8.55993
Agrigento;AG;37.30971;13.58457
Agropoli;SA;40.34963;14.99159
Agugliano;AN;43.54338;13.38580
Agugliaro;VI;45.32398;11.58490
Aicurzio;MB;45.64070;9.41104
Aidomaggiore;OR;40.17186;8.85643
Aidone;EN;37.41600;14.44789
Aielli;AQ;42.08022;13.59028
Aiello Calabro;CS;39.11697;16.16705
Aiello del Friuli;UD;45.87068;13.36246
Aiello del Sabato;AV;40.88916;14.81983
Aieta;CS;39.92835;15.82365
Ailano;CE;41.39076;14.20352
Ailoche;BI;45.69806;8.22038
Airasca;TO;44.91689;7.48443
Airola;BN;41.06633;14.56141
Airole;IM;43.87193;7.55373
Airuno;LC;45.75441;9.42247
Aisone;CN;44.31345;7.22083
Ala;TN;45.75677;11.00475
Ala di Stura;TO;45.31511;7.30434
Alagna;PV;45.16928;8.88945
Alagna Valsesia;VC;45.85333;7.93813
Alanno;PE;42.29443;13.96933
Alano di Piave;BL;45.90803;11.90911
Alassio;SV;44.00804;8.17296
Alatri;FR;41.72647;13.34211
Alba;CN;44.70092;8.03570
Alba Adriatica;TE;42.83460;13.92095
Albagiara;OR;39.78826;8.86063
Albairate;MI;45.41871;8.93517
Albanella;SA;40.47978;15.11515
Albano Laziale;RM;41.72911;12.65870
Albano Sant'Alessandro;BG;45.68645;9.76624
Albano Vercellese;VC;45.42512;8.38058
Albano di Lucania;PZ;40.58300;16.03616
Albaredo Arnaboldi;PV;45.10683;9.24351
Albaredo d'Adige;VR;45.31739;11.26758
Albaredo per San Marco;SO;46.10293;9.59044
Albareto;PR;44.44582;9.70052
Albaretto della Torre;CN;44.59592;8.06408
Albavilla;CO;45.80109;9.18930
Albenga;SV;44.04911;8.21295
Albera Ligure;AL;44.70092;9.06843
Alberobello;BA;40.78373;17.23753
Alberona;FG;41.43048;15.12428
Albese con Cassano;CO;45.79543;9.16474
Albettone;VI;45.35833;11.58519
Albi;CZ;39.02456;16.59721
Albiano;TN;46.14521;11.19377
Albiano d'Ivrea;TO;45.43389;7.94914
Albiate;MB;45.65669;9.26134
Albidona;CS;39.92269;16.47454
Albignasego;PD;45.34641;11.86838
Albinea;RE;44.61963;10.60206
Albino;BG;45.76059;9.79693
Albiolo;CO;45.80680;8.93736
Albisola Superiore;SV;44.33969;8.51034
Albissola Marina;SV;44.32725;8.50318
Albizzate;VA;45.72374;8.80355
Albonese;PV;45.29285;8.70613
Albosaggia;SO;46.14740;9.85465
Albugnano;AT;45.07802;7.97153
Albuzzano;PV;45.18755;9.27718
Alcamo;TP;37.98060;12.96497
Alcara li Fusi;ME;38.02145;14.70109
Aldeno;TN;45.97729;11.09132
Aldino;BZ;46.36784;11.35403
Ales;OR;39.76923;8.81584
Alessandria;AL;44.91297;8.61540
Alessandria del Carretto;CS;39.95854;16.37828
Alessandria della Rocca;AG;37.56973;13.45349
Alessano;LE;39.88496;18.33718
Alezio;LE;40.06011;18.06223
Alfano;SA;40.17767;15.42591
Alfedena;AQ;41.73397;14.03436
Alfianello;BS;45.26759;10.14825
Alfiano Natta;AL;45.04723;8.20846
Alfonsine;RA;44.50632;12.04065
Alghero;SS;40.54844;8.32608
Algua;BG;45.82584;9.72223
Alia;PA;37.77858;13.71313
Aliano;MT;40.31396;16.23105
Alice Bel Colle;AL;44.72579;8.45120
Alice Castello;VC;45.36653;8.07469
Alife;CE;41.32714;14.33616
Alimena;PA;37.69213;14.11367
Aliminusa;PA;37.86417;13.78104
Allai;OR;39.95793;8.85951
Alleghe;BL;46.40628;12.02055
Allein;AO;45.81300;7.27248
Allerona;TR;42.81170;11.97386
Alliste;LE;39.94751;18.08951
Allumiere;RM;42.15654;11.90214
Almenno San Bartolomeo;BG;45.74829;9.57827
Almenno San Salvatore;BG;45.74974;9.58738
Almese;TO;45.11766;7.39518
Almè;BG;45.74006;9.61757
Alonte;VI;45.36585;11.42662
Alpago;BL;46.12630;12.35250
Alpette;TO;45.40998;7.57860
Alpignano;TO;45.09447;7.52427
Alseno;PC;44.89633;9.96455
Alserio;CO;45.77869;9.19837
Alta Valle Intelvi;CO;45.98480;9.02710
Altamura;BA;40.82794;16.55231
Altare;SV;44.33478;8.34393
Altavalle;TN;46.18220;11.23830
Altavilla Irpina;AV;41.00583;14.77746
Altavilla Milicia;PA;38.04232;13.55045
Altavilla Monferrato;AL;44.99290;8.37571
Altavilla Silentina;SA;40.52717;15.13759
Altavilla Vicentina;VI;45.51280;11.46461
Altidona;FM;43.10672;13.79441
Altilia;CS;39.13011;16.25270
Altino;CH;42.10242;14.33261
Altissimo;VI;45.61513;11.25123
Altivole;TV;45.75399;11.95579
Alto;CN;44.10828;8.00369
Alto Reno Terme;BO;44.16010;10.97330
Altofonte;PA;38.04436;13.29829
Altomonte;CS;39.69821;16.12925
Altopascio;LU;43.81504;10.67474
Altopiano della Vigolana;TN;46.00650;11.19970
Alviano;TR;42.58773;12.29565
Alvignano;CE;41.24492;14.33677
Alvito;FR;41.68776;13.74264
Alzano Lombardo;BG;45.72747;9.72581
Alzano Scrivia;AL;45.01756;8.88129
Alzate Brianza;CO;45.76698;9.18203
Alà dei Sardi;SS;40.65069;9.32918
Alì;ME;38.02694;15.41797
Alì Terme;ME;38.00375;15.42262
Amalfi;SA;40.63424;14.60521
Amandola;FM;42.98043;13.35571
Amantea;CS;39.13287;16.08001
Amaro;UD;46.37362;13.09474
Amaroni;CZ;38.79362;16.44835
Amaseno;FR;41.46812;13.33578
Amato;CZ;38.94139;16.46276
Amatrice;RI;42.62938;13.28839
Ambivere;BG;45.71859;9.54723
Amblar-Don;TN;46.39020;11.13750
Ameglia;SP;44.06575;9.95727
Amelia;TR;42.55890;12.41192
Amendolara;CS;39.95101;16.58410
Ameno;NO;45.78878;8.43943
Amorosi;BN;41.20531;14.46116
Ampezzo;UD;46.41666;12.79458
Anacapri;NA;40.55142;14.21654
Anagni;FR;41.74394;13.15452
Ancarano;TE;42.83681;13.74140
Ancona;AN;43.61676;13.51888
Andali;CZ;39.01394;16.76705
Andalo;TN;46.16488;11.00329
Andalo Valtellino;SO;46.13448;9.47301
Andezeno;TO;45.03586;7.86995
Andora;SV;43.95825;8.14003
Andorno Micca;BI;45.61556;8.05332
Andrano;LE;39.98359;18.38681
Andrate;TO;45.52837;7.87384
Andreis;PN;46.20181;12.61456
Andretta;AV;40.93255;15.32147
Andria;BT;41.22705;16.29521
Andriano;BZ;46.52023;11.23293
Anela;SS;40.44354;9.05666
Anfo;BS;45.76575;10.49380
Angera;VA;45.77248;8.57505
Anghiari;AR;43.54053;12.05684
Angiari;VR;45.21802;11.28372
Angolo Terme;BS;45.89296;10.14688
Angri;SA;40.74322;14.56844
Angrogna;TO;44.84345;7.22429
Anguillara Sabazia;RM;42.09291;12.26979
Anguillara Veneta;PD;45.13874;11.88603
Annicco;CR;45.24474;9.88185
Annone Veneto;VE;45.79437;12.68302
Annone di Brianza;LC;45.80522;9.33099
Anoia;RC;38.43580;16.08372
Antegnate;BG;45.48444;9.79245
Anterivo;BZ;46.27749;11.36675
Antey-Saint-André;AO;45.80496;7.59321
Anticoli Corrado;RM;42.00934;12.99038
Antignano;AT;44.84544;8.13379
Antillo;ME;37.97613;15.24539
Antonimina;RC;38.27298;16.14824
Antrodoco;RI;42.41753;13.08020
Antrona Schieranco;VB;46.06141;8.11510
Anversa degli Abruzzi;AQ;41.99463;13.80358
Anzano del Parco;CO;45.77086;9.19876
Anzano di Puglia;FG;41.11957;15.29034
Anzi;PZ;40.51449;15.92393
Anzio;RM;41.44805;12.62872
Anzola d'Ossola;VB;45.98948;8.34746
Anzola dell'Emilia;BO;44.54648;11.19327
Aosta;AO;45.73750;7.32015
Apecchio;PU;43.55830;12.41964
Apice;BN;41.11858;14.93107
Apiro;MC;43.39247;13.13101
Apollosa;BN;41.09342;14.70452
Appiano Gentile;CO;45.73500;8.97949
Appiano sulla strada del vino;BZ;46.45528;11.25886
Appignano;MC;43.36407;13.34624
Appignano del Tronto;AP;42.89909;13.66604
Aprica;SO;46.15335;10.15206
Apricale;IM;43.88047;7.66047
Apricena;FG;41.78540;15.44324
Aprigliano;CS;39.24054;16.34081
Aprilia;LT;41.59415;12.64817
Aquara;SA;40.44281;15.25321
Aquila d'Arroscia;IM;44.08369;8.00538
Aquileia;UD;45.76644;13.36494
Aquilonia;AV;40.98661;15.47176
Aquino;FR;41.49249;13.70400
Aradeo;LE;40.12770;18.13479
Aragona;AG;37.40243;13.61779
Aramengo;AT;45.09973;8.00198
Arba;PN;46.14619;12.79076
Arborea;OR;39.77345;8.58218
Arborio;VC;45.49609;8.38899
Arbus;SU;39.52888;8.60021
Arcade;TV;45.78501;12.21903
Arce;FR;41.58778;13.57406
Arcene;BG;45.57551;9.61368
Arcevia;AN;43.50000;12.93960
Archi;CH;42.08914;14.38157
Arcidosso;GR;42.87146;11.53879
Arcinazzo Romano;RM;41.88021;13.11410
Arcisate;VA;45.85937;8.85980
Arco;TN;45.91929;10.88619
Arcola;SP;44.11461;9.90585
Arcole;VR;45.35768;11.28695
Arconate;MI;45.54156;8.85152
Arcore;MB;45.62697;9.32108
Arcugnano;VI;45.49612;11.55075
Ardara;SS;40.62389;8.80926
Ardauli;OR;40.08729;8.91123
Ardea;RM;41.60929;12.54537
Ardenno;SO;46.17276;9.65172
Ardesio;BG;45.93820;9.92965
Ardore;RC;38.19172;16.16840
Arena;VV;38.56296;16.21000
Arena Po;PV;45.09443;9.36187
Arenzano;GE;44.40179;8.68226
Arese;MI;45.54987;9.07858
Arezzo;AR;43.46643;11.88229
Argegno;CO;45.94508;9.12740
Argelato;BO;44.64233;11.34765
Argenta;FE;44.61444;11.83704
Argentera;CN;44.37959;6.96938
Arguello;CN;44.58293;8.11068
Argusto;CZ;38.68081;16.43588
Ari;CH;42.29111;14.26014
Ariano Irpino;AV;41.15386;15.09007
Ariano nel Polesine;RO;44.94521;12.12108
Ariccia;RM;41.72002;12.67058
Arielli;CH;42.26500;14.30478
Arienzo;CE;41.02554;14.49380
Arignano;TO;45.04403;7.90245
Aritzo;NU;39.95939;9.19795
Arizzano;VB;45.95561;8.58311
Arlena di Castro;VT;42.46300;11.82358
Arluno;MI;45.50899;8.95003
Armeno;NO;45.82197;8.43918
Armento;PZ;40.30519;16.06648
Armo;IM;44.08738;7.91401
Armungia;SU;39.52146;9.38020
Arnad;AO;45.64498;7.72128
Arnara;FR;41.58377;13.38768
Arnasco;SV;44.07800;8.10697
Arnesano;LE;40.33536;18.08966
Arola;VB;45.80954;8.35876
Arona;NO;45.76039;8.55949
Arosio;CO;45.71665;9.20767
Arpaia;BN;41.03686;14.55177
Arpaise;BN;41.03063;14.74371
Arpino;FR;41.64813;13.61079
Arquata Scrivia;AL;44.68674;8.88574
Arquata del Tronto;AP;42.77264;13.29677
Arquà Petrarca;PD;45.27004;11.71640
Arquà Polesine;RO;45.00937;11.74137
Arre;PD;45.21610;11.93184
Arrone;TR;42.58315;12.76963
Arsago Seprio;VA;45.68799;8.73103
Arsiero;VI;45.80361;11.35035
Arsita;TE;42.50308;13.78595
Arsiè;BL;45.98442;11.75714
Arsoli;RM;42.04141;13.01653
Arta Terme;UD;46.47288;13.02486
Artegna;UD;46.24185;13.15598
Artena;RM;41.73866;12.91536
Artogne;BS;45.84832;10.16452
Arvier;AO;45.70356;7.16930
Arzachena;SS;41.07938;9.38848
Arzago d'Adda;BG;45.47970;9.56430
Arzana;NU;39.91850;9.52836
Arzano;NA;40.91063;14.26921
Arzergrande;PD;45.27341;12.04650
Arzignano;VI;45.52104;11.33227
Ascea;SA;40.14338;15.18402
Asciano;SI;43.23494;11.55945
Ascoli Piceno;AP;42.85322;13.57691
Ascoli Satriano;FG;41.20815;15.56027
Ascrea;RI;42.19570;12.99672
Asiago;VI;45.87570;11.50912
Asigliano Veneto;VI;45.30449;11.44618
Asigliano Vercellese;VC;45.26118;8.40619
Asola;MN;45.22055;10.41432
Asolo;TV;45.80217;11.91237
Assago;MI;45.40436;9.13115
Assemini;CA;39.28962;9.00623
Assisi;PG;43.07083;12.61540
Asso;CO;45.86166;9.26942
Assolo;OR;39.81074;8.91563
Assoro;EN;37.62816;14.42409
Asti;AT;44.89913;8.20414
Asuni;OR;39.87192;8.94774
Ateleta;AQ;41.85504;14.19778
Atella;PZ;40.87742;15.65274
Atena Lucana;SA;40.45464;15.55816
Atessa;CH;42.06735;14.44309
Atina;FR;41.61983;13.80036
Atrani;SA;40.63652;14.60843
Atri;TE;42.57971;13.97542
Atripalda;AV;40.91800;14.83665
Attigliano;TR;42.51494;12.28942
Attimis;UD;46.18881;13.30512
Atzara;NU;39.99167;9.07630
Augusta;SR;37.23061;15.21944
Auletta;SA;40.55814;15.42411
Aulla;MS;44.20934;9.96815
Aurano;VB;45.99871;8.58800
Aurigo;IM;43.98301;7.92256
Auronzo di Cadore;BL;46.55022;12.44484
Ausonia;FR;41.35425;13.74886
Austis;NU;40.07105;9.08850
Avegno;GE;44.38231;9.15872
Avelengo;BZ;46.64671;11.22475
Avella;AV;40.96034;14.59995
Avellino;AV;40.91405;14.79529
Averara;BG;45.98855;9.63115
Aversa;CE;40.97308;14.20627
Avetrana;TA;40.34863;17.72554
Avezzano;AQ;42.03068;13.42675
Aviano;PN;46.06720;12.58818
Aviatico;BG;45.79281;9.76892
Avigliana;TO;45.07936;7.39632
Avigliano;PZ;40.72978;15.71780
Avigliano Umbro;TR;42.65508;12.42810
Avio;TN;45.73545;10.94154
Avise;AO;45.70870;7.14133
Avola;SR;36.90839;15.13544
Avolasca;AL;44.80297;8.96524
Ayas;AO;45.81404;7.68816
Aymavilles;AO;45.70137;7.24055
Azeglio;TO;45.42486;7.99477
Azzanello;CR;45.31312;9.91970
Azzano Decimo;PN;45.88124;12.71413
Azzano Mella;BS;45.45482;10.11359
Azzano San Paolo;BG;45.66192;9.67632
Azzano d'Asti;AT;44.87470;8.26766
Azzate;VA;45.78198;8.79686
Azzio;VA;45.88536;8.70630
Azzone;BG;45.97903;10.11281
Baceno;VB;46.26149;8.31948
Bacoli;NA;40.79709;14.07840
Badalucco;IM;43.91564;7.84705
Badesi;SS;40.96778;8.87915
Badia;BZ;46.61068;11.89342
Badia Calavena;VR;45.56389;11.15636
Badia Pavese;PV;45.12117;9.46855
Badia Polesine;RO;45.09431;11.49138
Badia Tedalda;AR;43.70641;12.18558
Badolato;CZ;38.56828;16.52590
Bagaladi;RC;38.02537;15.82057
Bagheria;PA;38.07888;13.51098
Bagnacavallo;RA;44.41630;11.97697
Bagnara Calabra;RC;38.28422;15.80044
Bagnara di Romagna;RA;44.38883;11.82582
Bagnaria;PV;44.82608;9.12434
Bagnaria Arsa;UD;45.88741;13.30170
Bagnasco;CN;44.30207;8.04258
Bagnatica;BG;45.66367;9.78138
Bagni di Lucca;LU;44.01055;10.59120
Bagno a Ripoli;FI;43.75142;11.31939
Bagno di Romagna;FC;43.85781;11.97686
Bagnoli Irpino;AV;40.83266;15.06982
Bagnoli del Trigno;IS;41.70462;14.45823
Bagnoli di Sopra;PD;45.18515;11.88137
Bagnolo Cremasco;CR;45.36154;9.60916
Bagnolo Mella;BS;45.42902;10.17928
Bagnolo Piemonte;CN;44.75990;7.31548
Bagnolo San Vito;MN;45.09249;10.88141
Bagnolo del Salento;LE;40.14817;18.35271
Bagnolo di Po;RO;45.01516;11.49996
Bagnolo in Piano;RE;44.76143;10.67290
Bagnone;MS;44.31539;9.99443
Bagnoregio;VT;42.62608;12.09850
Bagolino;BS;45.82123;10.46894
Baia e Latina;CE;41.30053;14.25034
Baiano;AV;40.95142;14.61713
Bairo;TO;45.38625;7.75692
Baiso;RE;44.49525;10.59879
Bajardo;IM;43.90350;7.71823
Balangero;TO;45.27003;7.51931
Baldichieri d'Asti;AT;44.90700;8.09110
Baldissero Canavese;TO;45.40840;7.74444
Baldissero Torinese;TO;45.06842;7.81781
Baldissero d'Alba;CN;44.75871;7.91575
Balestrate;PA;38.05132;13.00439
Balestrino;SV;44.12490;8.17459
Ballabio;LC;45.89604;9.42417
Ballao;SU;39.54851;9.35985
Balme;TO;45.30229;7.21831
Balmuccia;VC;45.81835;8.13826
Balocco;VC;45.45553;8.28103
Balsorano;AQ;41.80361;13.56335
Balvano;PZ;40.65125;15.51206
Balzola;AL;45.18320;8.40255
Banari;SS;40.57198;8.69753
Banchette;TO;45.46085;7.85656
Bannio Anzino;VB;45.98447;8.14619
Banzi;PZ;40.86034;16.01329
Baone;PD;45.24425;11.68844
Baradili;OR;39.72251;8.89760
Baragiano;PZ;40.67957;15.59421
Baranello;CB;41.52682;14.56052
Barano d'Ischia;NA;40.71063;13.91625
Baranzate;MI;45.52730;9.11387
Barasso;VA;45.84047;8.75810
Baratili San Pietro;OR;39.99330;8.55497
Barbania;TO;45.29050;7.63051
Barbara;AN;43.58080;13.02474
Barbarano Romano;VT;42.25225;12.06596
Barbaresco;CN;44.72555;8.08046
Barbariga;BS;45.40397;10.05674
Barbata;BG;45.47491;9.77623
Barberino di Mugello;FI;44.00044;11.23858
Barbianello;PV;45.07570;9.20600
Barbiano;BZ;46.60365;11.51987
Barbona;PD;45.10656;11.66058
Barcellona Pozzo di Gotto;ME;38.14693;15.21858
Barcis;PN;46.19086;12.56002
Bard;AO;45.60796;7.74663
Bardello;VA;45.83504;8.69825
Bardi;PR;44.63281;9.73199
Bardineto;SV;44.19210;8.12939
Bardolino;VR;45.54709;10.71967
Bardonecchia;TO;45.07817;6.70382
Bareggio;MI;45.47646;8.99382
Barengo;NO;45.57478;8.51201
Baressa;OR;39.71468;8.87405
Barete;AQ;42.45096;13.28127
Barga;LU;44.07305;10.48478
Bargagli;GE;44.44464;9.08834
Barge;CN;44.72522;7.32339
Barghe;BS;45.67800;10.40613
Bari;BA;41.12560;16.86737
Bari Sardo;NU;39.84013;9.64580
Bariano;BG;45.51478;9.70702
Baricella;BO;44.64706;11.53455
Barile;PZ;40.94608;15.67273
Barisciano;AQ;42.32702;13.59078
Barlassina;MB;45.65612;9.13051
Barletta;BT;41.31956;16.27718
Barni;CO;45.91088;9.26397
Barolo;CN;44.60988;7.94181
Barone Canavese;TO;45.32773;7.87056
Baronissi;SA;40.74643;14.77021
Barrafranca;EN;37.37285;14.20388
Barrali;SU;39.47571;9.10256
Barrea;AQ;41.75758;13.99153
Barumini;SU;39.70479;9.00284
Barzago;LC;45.75522;9.31649
Barzana;BG;45.73365;9.56704
Barzanò;LC;45.73464;9.31678
Barzio;LC;45.94647;9.46834
Basaluzzo;AL;44.76829;8.70593
Bascapè;PV;45.30464;9.31542
Baschi;TR;42.67013;12.21628
Basciano;TE;42.59571;13.73863
Baselga di Pinè;TN;46.12999;11.24453
Baselice;BN;41.39742;14.97257
Basiano;MI;45.57442;9.46820
Basicò;ME;38.06160;15.06175
Basiglio;MI;45.36272;9.16147
Basiliano;UD;46.01620;13.10670
Bassano Bresciano;BS;45.33019;10.12685
Bassano Romano;VT;42.21828;12.19266
Bassano del Grappa;VI;45.76714;11.73417
Bassano in Teverina;VT;42.46308;12.30840
Bassiano;LT;41.54934;13.03225
Bassignana;AL;45.00321;8.73594
Bastia Mondovì;CN;44.44139;7.89332
Bastia Umbra;PG;43.06651;12.54926
Bastida Pancarana;PV;45.08630;9.09155
Bastiglia;MO;44.72645;10.99981
Battaglia Terme;PD;45.28889;11.77375
Battifollo;CN;44.31917;8.00948
Battipaglia;SA;40.60768;14.98344
Battuda;PV;45.27358;9.07741
Baucina;PA;37.92513;13.53724
Bauladu;OR;40.01968;8.67137
Baunei;NU;40.03178;9.66359
Baveno;VB;45.90892;8.50483
Bedero Valcuvia;VA;45.91264;8.79441
Bedizzole;BS;45.51036;10.42278
Bedollo;TN;46.16142;11.30322
Bedonia;PR;44.50350;9.63131
Bedulita;BG;45.79064;9.55092
Bee;VB;45.96273;8.58023
Beinasco;TO;45.02208;7.57916
Beinette;CN;44.36567;7.64571
Belcastro;CZ;39.01741;16.78755
Belfiore;VR;45.38037;11.20842
Belforte Monferrato;AL;44.62437;8.66160
Belforte all'Isauro;PU;43.71701;12.37563
Belforte del Chienti;MC;43.16425;13.23773
Belgioioso;PV;45.16274;9.31603
Belgirate;VB;45.83835;8.57159
Bella;PZ;40.75859;15.53779
Bellagio;CO;45.96270;9.24590
Bellano;LC;46.04329;9.30277
Bellante;TE;42.74460;13.80536
Bellaria-Igea Marina;RN;44.14760;12.45806
Bellegra;RM;41.88108;13.02805
Bellino;CN;44.58061;7.01716
Bellinzago Lombardo;MI;45.54083;9.44597
Bellinzago Novarese;NO;45.57030;8.63973
Bellizzi;SA;40.62219;14.94603
Bellona;CE;41.16033;14.22849
Bellosguardo;SA;40.42182;15.31021
Belluno;BL;46.13838;12.21704
Bellusco;MB;45.61856;9.41779
Belmonte Calabro;CS;39.16056;16.07790
Belmonte Castello;FR;41.57826;13.81174
Belmonte Mezzagno;PA;38.04835;13.39011
Belmonte Piceno;FM;43.09152;13.53882
Belmonte del Sannio;IS;41.82510;14.42349
Belmonte in Sabina;RI;42.31826;12.89269
Belpasso;CT;37.59139;14.97705
Belsito;CS;39.17401;16.28795
Belvedere Langhe;CN;44.49457;7.97417
Belvedere Marittimo;CS;39.61804;15.86132
Belvedere Ostrense;AN;43.58044;13.16682
Belvedere di Spinello;KR;39.21368;16.88684
Belveglio;AT;44.83049;8.33010
Belvì;NU;39.96179;9.18408
Bema;SO;46.10832;9.56456
Bene Lario;CO;46.02863;9.18360
Bene Vagienna;CN;44.54524;7.83283
Benestare;RC;38.18656;16.13932
Benetutti;SS;40.45579;9.16828
Benevello;CN;44.62819;8.10592
Benevento;BN;41.12970;14.78152
Benna;BI;45.51240;8.12515
Bentivoglio;BO;44.63515;11.41786
Berbenno;BG;45.81171;9.56832
Berbenno di Valtellina;SO;46.16872;9.74319
Berceto;PR;44.50953;9.98940
Berchidda;SS;40.78635;9.16401
Beregazzo con Figliaro;CO;45.77588;8.95088
Bereguardo;PV;45.25745;9.02450
Bergamasco;AL;44.82711;8.45521
Bergamo;BG;45.69441;9.66842
Bergantino;RO;45.06038;11.25302
Bergeggi;SV;44.24906;8.44410
Bergolo;CN;44.54801;8.18353
Berlingo;BS;45.50277;10.03295
Bernalda;MT;40.40818;16.68637
Bernareggio;MB;45.65003;9.40568
Bernate Ticino;MI;45.47933;8.81593
Bernezzo;CN;44.38861;7.43531
Bertinoro;FC;44.14891;12.13425
Bertiolo;UD;45.94330;13.05531
Bertonico;LO;45.23389;9.66860
Berzano di San Pietro;AT;45.09491;7.95405
Berzano di Tortona;AL;44.87646;8.95060
Berzo Demo;BS;46.09287;10.33301
Berzo Inferiore;BS;45.93226;10.27867
Berzo San Fermo;BG;45.71817;9.90030
Besana in Brianza;MB;45.70076;9.28851
Besano;VA;45.88923;8.88995
Besate;MI;45.31225;8.96732
Besenello;TN;45.94569;11.10619
Besenzone;PC;44.98757;9.95362
Besnate;VA;45.70035;8.76940
Besozzo;VA;45.85162;8.66515
Bessude;SS;40.55568;8.72722
Bettola;PC;44.77616;9.60538
Bettona;PG;43.01296;12.48493
Beura-Cardezza;VB;46.07888;8.29934
Bevagna;PG;42.93394;12.60913
Beverino;SP;44.19407;9.76928
Bevilacqua;VR;45.23345;11.39819
Biancavilla;CT;37.64126;14.86954
Bianchi;CS;39.10081;16.41066
Bianco;RC;38.08886;16.14854
Biandrate;NO;45.45378;8.46371
Biandronno;VA;45.81939;8.71233
Bianzano;BG;45.77338;9.91779
Bianzone;SO;46.18393;10.10930
Bianzè;VC;45.30738;8.12006
Biassono;MB;45.62857;9.27623
Bibbiano;RE;44.66326;10.47337
Bibbiena;AR;43.69446;11.81814
Bibbona;LI;43.26944;10.59818
Bibiana;TO;44.79758;7.28979
Biccari;FG;41.39744;15.19450
Bicinicco;UD;45.93100;13.24991
Bidonì;OR;40.11300;8.93512
Biella;BI;45.56651;8.05408
Bienno;BS;45.93555;10.29547
Bieno;TN;46.08025;11.55369
Bientina;PI;43.71011;10.61984
Binago;CO;45.78469;8.92257
Binasco;MI;45.33220;9.09966
Binetto;BA;41.02420;16.70846
Bioglio;BI;45.60759;8.13026
Bionaz;AO;45.87407;7.42307
Bione;BS;45.67403;10.34057
Birori;NU;40.26605;8.81549
Bisaccia;AV;41.01318;15.37502
Bisacquino;PA;37.70579;13.25873
Bisceglie;BT;41.24246;16.50261
Bisegna;AQ;41.92099;13.75749
Bisenti;TE;42.52878;13.80369
Bisignano;CS;39.51263;16.28652
Bistagno;AL;44.66179;8.36859
Bisuschio;VA;45.87241;8.87036
Bitetto;BA;41.03868;16.74785
Bitonto;BA;41.11002;16.69432
Bitritto;BA;41.04107;16.82580
Bitti;NU;40.47506;9.38148
Bivona;AG;37.61811;13.44040
Bivongi;RC;38.48167;16.45339
Bizzarone;CO;45.83504;8.94596
Bleggio Superiore;TN;46.02533;10.83706
Blello;BG;45.83692;9.56434
Blera;VT;42.27419;12.02576
Blessagno;CO;45.95989;9.09739
Blevio;CO;45.84064;9.10486
Blufi;PA;37.75231;14.07674
Boara Pisani;PD;45.10729;11.78348
Bobbio;PC;44.76641;9.38660
Bobbio Pellice;TO;44.80771;7.11790
Boca;NO;45.67829;8.40871
Bocchigliero;CS;39.41776;16.75628
Boccioleto;VC;45.82999;8.11329
Bocenago;TN;46.11843;10.75909
Bodio Lomnago;VA;45.78989;8.75143
Boffalora d'Adda;LO;45.35863;9.49469
Boffalora sopra Ticino;MI;45.46436;8.82849
Bogliasco;GE;44.37822;9.06978
Bognanco;VB;46.12278;8.20640
Bogogno;NO;45.66717;8.53450
Boissano;SV;44.13424;8.22123
Bojano;CB;41.48282;14.47144
Bolano;SP;44.18887;9.89529
Bolgare;BG;45.63186;9.82024
Bollate;MI;45.54384;9.11766
Bollengo;TO;45.47336;7.94535
Bologna;BO;44.49437;11.34172
Bolognano;PE;42.21702;13.95982
Bolognetta;PA;37.96472;13.45568
Bolognola;MC;42.99426;13.22685
Bolotana;NU;40.32786;8.95889
Bolsena;VT;42.64474;11.98759
Boltiere;BG;45.59978;9.57823
Bolzano;BZ;46.49933;11.35662
Bolzano Novarese;NO;45.76283;8.44415
Bolzano Vicentino;VI;45.60073;11.62207
Bomarzo;VT;42.49102;12.25137
Bomba;CH;42.03518;14.36623
Bompensiere;CL;37.47263;13.78064
Bompietro;PA;37.74708;14.09952
Bomporto;MO;44.72738;11.04279
Bonarcado;OR;40.10082;8.65453
Bonassola;SP;44.18336;9.58410
Bonate Sopra;BG;45.68309;9.55924
Bonate Sotto;BG;45.66636;9.56131
Bonavigo;VR;45.25754;11.27971
Bondeno;FE;44.88522;11.41846
Bondone;TN;45.80542;10.55126
Bonea;BN;41.07494;14.61856
Bonefro;CB;41.70269;14.93420
Bonemerse;CR;45.11405;10.07837
Bonifati;CS;39.58691;15.90507
Bonito;AV;41.10231;15.00287
Bonnanaro;SS;40.53246;8.76638
Bono;SS;40.41691;9.02975
Bonorva;SS;40.41698;8.76853
Bonvicino;CN;44.50362;8.01592
Borbona;RI;42.51225;13.13255
Borca di Cadore;BL;46.43812;12.21877
Bordano;UD;46.31538;13.10601
Bordighera;IM;43.77976;7.67189
Bordolano;CR;45.29285;9.98705
Bore;PR;44.71901;9.79436
Boretto;RE;44.90454;10.55344
Borgarello;PV;45.23943;9.14069
Borgaro Torinese;TO;45.15198;7.65789
Borgetto;PA;38.04642;13.14274
Borghetto Lodigiano;LO;45.21274;9.49802
Borghetto Santo Spirito;SV;44.11538;8.24199
Borghetto d'Arroscia;IM;44.05747;7.98183
Borghetto di Borbera;AL;44.73105;8.94535
Borghetto di Vara;SP;44.22352;9.72161
Borghi;FC;44.03146;12.35457
Borgia;CZ;38.82733;16.51425
Borgiallo;TO;45.41681;7.66773
Borgio Verezzi;SV;44.15987;8.30456
Borgo Chiese;TN;45.89060;10.60130
Borgo Lares;TN;46.03520;10.75210
Borgo Pace;PU;43.65817;12.29462
Borgo Priolo;PV;44.96651;9.14841
Borgo San Dalmazzo;CN;44.32876;7.48746
Borgo San Giacomo;BS;45.35012;9.97102
Borgo San Giovanni;LO;45.27564;9.42534
Borgo San Lorenzo;FI;43.95479;11.38768
Borgo San Martino;AL;45.08909;8.52362
Borgo San Siro;PV;45.23484;8.91269
Borgo Ticino;NO;45.68807;8.60392
Borgo Tossignano;BO;44.27731;11.58923
Borgo Val di Taro;PR;44.48803;9.76767
Borgo Valsugana;TN;46.05304;11.45649
Borgo Velino;RI;42.40560;13.05849
Borgo Vercelli;VC;45.35716;8.46637
Borgo Virgilio;MN;45.08800;10.77500
Borgo a Mozzano;LU;43.97852;10.54360
Borgo d'Ale;VC;45.34992;8.05373
Borgo di Terzo;BG;45.72096;9.89141
Borgofranco d'Ivrea;TO;45.51301;7.85852
Borgolavezzaro;NO;45.31838;8.69927
Borgomale;CN;44.62044;8.13276
Borgomanero;NO;45.69887;8.46299
Borgomaro;IM;43.97560;7.94490
Borgomasino;TO;45.36155;7.98880
Borgomezzavalle;VB;46.05320;8.19680
Borgone Susa;TO;45.12314;7.24121
Borgonovo Val Tidone;PC;45.01804;9.44686
Borgoratto Alessandrino;AL;44.83649;8.53942
Borgoratto Mormorolo;PV;44.93011;9.19322
Borgoricco;PD;45.53282;11.96850
Borgorose;RI;42.19339;13.23257
Borgosatollo;BS;45.47508;10.23604
Borgosesia;VC;45.71673;8.27641
Bormida;SV;44.27866;8.23261
Bormio;SO;46.47016;10.37560
Bornasco;PV;45.26638;9.21836
Borno;BS;45.94679;10.20581
Boroneddu;OR;40.11274;8.86988
Borore;NU;40.21541;8.80332
Borrello;CH;41.92041;14.30326
Borriana;BI;45.50597;8.03958
Borso del Grappa;TV;45.82099;11.79931
Bortigali;NU;40.28295;8.83677
Bortigiadas;SS;40.89145;9.04327
Borutta;SS;40.52228;8.74374
Borzonasca;GE;44.42220;9.38680
Bosa;OR;40.29915;8.49783
Bosaro;RO;45.00062;11.76455
Boschi Sant'Anna;VR;45.21946;11.35793
Bosco Chiesanuova;VR;45.62213;11.02942
Bosco Marengo;AL;44.82209;8.67599
Bosconero;TO;45.26856;7.76507
Boscoreale;NA;40.77532;14.47527
Boscotrecase;NA;40.77627;14.46107
Bosia;CN;44.60247;8.14620
Bosio;AL;44.64779;8.79191
Bosisio Parini;LC;45.80042;9.28792
Bosnasco;PV;45.06400;9.35690
Bossico;BG;45.82701;10.04487
Bossolasco;CN;44.52679;8.05750
Botricello;CZ;38.93734;16.86127
Botrugno;LE;40.06444;18.32464
Bottanuco;BG;45.64081;9.50359
Botticino;BS;45.54330;10.32330
Bottidda;SS;40.39067;9.00697
Bova;RC;37.99457;15.93180
Bova Marina;RC;37.93239;15.92081
Bovalino;RC;38.14669;16.17412
Bovegno;BS;45.79235;10.27222
Boves;CN;44.32982;7.55199
Bovezzo;BS;45.59163;10.24349
Boville Ernica;FR;41.64313;13.47086
Bovino;FG;41.24924;15.34167
Bovisio-Masciago;MB;45.61109;9.14866
Bovolenta;PD;45.26868;11.94209
Bovolone;VR;45.25799;11.11706
Bozzole;AL;45.06788;8.60488
Bozzolo;MN;45.10531;10.48452
Bra;CN;44.69818;7.85475
Bracca;BG;45.82266;9.70781
Bracciano;RM;42.10335;12.17562
Bracigliano;SA;40.82474;14.71105
Braies;BZ;46.71973;12.13257
Brallo di Pregola;PV;44.73846;9.28189
Brancaleone;RC;37.96702;16.10305
Brandico;BS;45.45427;10.05092
Brandizzo;TO;45.17765;7.84148
Branzi;BG;46.00495;9.75868
Braone;BS;45.99021;10.34243
Brebbia;VA;45.82857;8.64987
Breda di Piave;TV;45.72410;12.33100
Bregano;VA;45.82367;8.69247
Breganze;VI;45.70826;11.56531
Bregnano;CO;45.69896;9.06252
Brembate;BG;45.60388;9.55516
Brembate di Sopra;BG;45.71628;9.57759
Brembio;LO;45.21510;9.56970
Breme;PV;45.12790;8.62332
Brendola;VI;45.46936;11.45522
Brenna;CO;45.74164;9.18775
Brennero;BZ;46.93772;11.44323
Breno;BS;45.95601;10.30204
Brenta;VA;45.89521;8.68415
Brentino Belluno;VR;45.65617;10.89346
Brentonico;TN;45.81887;10.95493
Brenzone sul Garda;VR;45.70890;10.76747
Brescello;RE;44.90154;10.51601
Brescia;BS;45.53993;10.21910
Bresimo;TN;46.41044;10.96861
Bressana Bottarone;PV;45.07364;9.13508
Bressanone;BZ;46.71644;11.65699
Bressanvido;VI;45.64633;11.63337
Bresso;MI;45.53760;9.18763
Brezzo di Bedero;VA;45.97789;8.71839
Briaglia;CN;44.39512;7.87699
Briatico;VV;38.72445;16.03416
Bricherasio;TO;44.82558;7.30289
Brienno;CO;45.91174;9.13139
Brienza;PZ;40.47737;15.62813
Briga Alta;CN;44.08322;7.75076
Briga Novarese;NO;45.73138;8.45159
Brignano Gera d'Adda;BG;45.54451;9.64790
Brignano-Frascata;AL;44.81195;9.04080
Brindisi;BR;40.63849;17.94602
Brindisi Montagna;PZ;40.60990;15.94007
Brinzio;VA;45.88914;8.78681
Briona;NO;45.54220;8.47982
Brione;BS;45.64071;10.14981
Briosco;MB;45.70929;9.23720
Brisighella;RA;44.22135;11.76902
Brissago-Valtravaglia;VA;45.94962;8.74641
Brissogne;AO;45.72718;7.40457
Brittoli;PE;42.31648;13.86094
Brivio;LC;45.74212;9.44833
Broccostella;FR;41.70351;13.63446
Brogliano;VI;45.58840;11.36445
Brognaturo;VV;38.60153;16.34248
Brolo;ME;38.15685;14.82772
Brondello;CN;44.60006;7.40514
Broni;PV;45.06197;9.26130
Bronte;CT;37.78752;14.83290
Bronzolo;BZ;46.40460;11.31989
Brossasco;CN;44.57030;7.36044
Brosso;TO;45.49276;7.80333
Brovello-Carpugnino;VB;45.84274;8.53319
Brozolo;TO;45.11742;8.07128
Brugherio;MB;45.55103;9.30006
Brugine;PD;45.29830;11.99269
Brugnato;SP;44.23687;9.72502
Brugnera;PN;45.89919;12.53680
Bruino;TO;45.02023;7.46769
Brumano;BG;45.85463;9.50061
Brunate;CO;45.81977;9.09642
Brunello;VA;45.76616;8.79580
Brunico;BZ;46.79738;11.93730
Bruno;AT;44.79063;8.44027
Brusaporto;BG;45.67083;9.76126
Brusasco;TO;45.15596;8.06009
Brusciano;NA;40.92061;14.42254
Brusimpiano;VA;45.94719;8.88960
Brusnengo;BI;45.59613;8.25254
Brusson;AO;45.75862;7.73281
Bruzolo;TO;45.14312;7.19398
Bruzzano Zeffirio;RC;38.01262;16.08134
Bubbiano;MI;45.32733;9.01337
Bubbio;AT;44.66384;8.29361
Buccheri;SR;37.12651;14.85047
Bucchianico;CH;42.30434;14.18070
Bucciano;BN;41.07705;14.56997
Buccinasco;MI;45.42127;9.10758
Buccino;SA;40.63106;15.36732
Bucine;AR;43.47908;11.61688
Buddusò;SS;40.57857;9.26086
Budoia;PN;46.04292;12.53265
Budoni;SS;40.70672;9.69976
Budrio;BO;44.53752;11.53564
Buggerru;SU;39.39700;8.40083
Buggiano;PT;43.87993;10.72754
Buglio in Monte;SO;46.18335;9.67539
Bugnara;AQ;42.02216;13.85871
Buguggiate;VA;45.78526;8.80676
Buja;UD;46.20893;13.12574
Bulciago;LC;45.75086;9.28389
Bulgarograsso;CO;45.74813;9.01101
Bultei;SS;40.45708;9.06149
Bulzi;SS;40.84804;8.82973
Buonabitacolo;SA;40.26881;15.61936
Buonalbergo;BN;41.22131;14.97735
Buonconvento;SI;43.13793;11.48191
Buonvicino;CS;39.68892;15.88391
Burago di Molgora;MB;45.59592;9.37907
Burcei;SU;39.34651;9.36159
Burgio;AG;37.59887;13.28954
Burgos;SS;40.39062;8.99369
Buriasco;TO;44.87336;7.41192
Burolo;TO;45.48412;7.93206
Buronzo;VC;45.48212;8.26833
Busachi;OR;40.03329;8.89808
Busalla;GE;44.57080;8.94498
Busano;TO;45.32884;7.65574
Busca;CN;44.51370;7.47352
Buscate;MI;45.54600;8.81259
Buscemi;SR;37.08523;14.88416
Buseto Palizzolo;TP;38.01217;12.71132
Busnago;MB;45.61717;9.46619
Bussero;MI;45.53792;9.37205
Busseto;PR;44.98133;10.04132
Bussi sul Tirino;PE;42.21040;13.82665
Busso;CB;41.55479;14.56210
Bussolengo;VR;45.47459;10.84642
Bussoleno;TO;45.13728;7.14932
Busto Arsizio;VA;45.61508;8.85494
Busto Garolfo;MI;45.54606;8.88341
Butera;CL;37.18643;14.18628
Buti;PI;43.72731;10.58736
Buttapietra;VR;45.34199;10.99850
Buttigliera Alta;TO;45.06702;7.43678
Buttigliera d'Asti;AT;45.02255;7.95051
Buttrio;UD;46.01309;13.33040
Cabella Ligure;AL;44.67308;9.09629
Cabiate;CO;45.67320;9.16670
Cabras;OR;39.92991;8.53119
Caccamo;PA;37.93180;13.66353
Caccuri;KR;39.22720;16.78029
Cadegliano-Viconago;VA;45.95878;8.84467
Cadelbosco di Sopra;RE;44.76293;10.59438
Cadeo;PC;44.96546;9.85224
Caderzone Terme;TN;46.12941;10.75692
Cadoneghe;PD;45.44780;11.91007
Cadorago;CO;45.72390;9.03375
Caerano di San Marco;TV;45.78527;12.00116
Cafasse;TO;45.24471;7.51812
Caggiano;SA;40.56716;15.49648
Cagli;PU;43.54638;12.64801
Cagliari;CA;39.21531;9.11062
Caglio;CO;45.87057;9.23632
Cagnano Amiterno;AQ;42.45911;13.22460
Cagnano Varano;FG;41.82868;15.77260
Caianello;CE;41.30427;14.07807
Caiazzo;CE;41.17756;14.36567
Caines;BZ;46.69652;11.17530
Caino;BS;45.61251;10.31576
Caiolo;SO;46.15232;9.81706
Cairano;AV;40.89635;15.37015
Cairate;VA;45.69203;8.87081
Cairo Montenotte;SV;44.39972;8.27417
Caivano;NA;40.95676;14.30106
Calabritto;AV;40.78360;15.21975
Calalzo di Cadore;BL;46.44728;12.38057
Calamandrana;AT;44.73655;8.33563
Calamonaci;AG;37.52534;13.29090
Calangianus;SS;40.92315;9.19233
Calanna;RC;38.18257;15.72263
Calasca-Castiglione;VB;46.00382;8.17024
Calascibetta;EN;37.58956;14.27309
Calascio;AQ;42.32552;13.69480
Calasetta;SU;39.10727;8.36540
Calatabiano;CT;37.82333;15.22775
Calatafimi-Segesta;TP;37.91416;12.86271
Calcata;VT;42.21976;12.42572
Calceranica al Lago;TN;46.00375;11.24238
Calci;PI;43.72555;10.51569
Calciano;MT;40.58737;16.19011
Calcinaia;PI;43.68299;10.61567
Calcinate;BG;45.61977;9.80155
Calcinato;BS;45.45747;10.41652
Calcio;BG;45.50766;9.85508
Calco;LC;45.72538;9.41788
Caldaro sulla strada del vino;BZ;46.41317;11.24516
Caldarola;MC;43.13845;13.22627
Calderara di Reno;BO;44.56608;11.27202
Caldes;TN;46.36513;10.94281
Caldiero;VR;45.41210;11.18378
Caldogno;VI;45.61198;11.50046
Caldonazzo;TN;45.99140;11.26185
Calendasco;PC;45.08774;9.59382
Calenzano;FI;43.86508;11.16719
Calestano;PR;44.60067;10.12215
Calice Ligure;SV;44.20492;8.29427
Calice al Cornoviglio;SP;44.24248;9.83583
Calimera;LE;40.25121;18.28006
Calitri;AV;40.90045;15.43866
Calizzano;SV;44.23520;8.11537
Callabiana;BI;45.63372;8.09074
Calliano;AT;45.00626;8.25733
Calliano;TN;45.93427;11.09433
Calolziocorte;LC;45.80179;9.43211
Calopezzati;CS;39.55889;16.80171
Calosso;AT;44.73948;8.22719
Caloveto;CS;39.50754;16.75764
Caltabellotta;AG;37.57690;13.21565
Caltagirone;CT;37.23809;14.51274
Caltanissetta;CL;37.49213;14.06185
Caltavuturo;PA;37.82031;13.89007
Caltignaga;NO;45.51709;8.58791
Calto;RO;44.99169;11.35600
Caltrano;VI;45.77031;11.46056
Calusco d'Adda;BG;45.68835;9.47138
Caluso;TO;45.30786;7.89151
Calvagese della Riviera;BS;45.53922;10.44602
Calvanico;SA;40.77619;14.82939
Calvatone;CR;45.12883;10.44206
Calvello;PZ;40.47525;15.84722
Calvene;VI;45.76589;11.51223
Calvenzano;BG;45.49463;9.59816
Calvera;PZ;40.14871;16.14362
Calvi;BN;41.07243;14.86691
Calvi Risorta;CE;41.21560;14.13101
Calvi dell'Umbria;TR;42.40114;12.56679
Calvignano;PV;44.98267;9.16884
Calvignasco;MI;45.33180;9.02087
Calvisano;BS;45.34908;10.34288
Calvizzano;NA;40.90752;14.18959
Camagna Monferrato;AL;45.01785;8.43034
Camaiore;LU;43.93860;10.30417
Camandona;BI;45.64171;8.10001
Camastra;AG;37.25216;13.79377
Cambiago;MI;45.57337;9.42417
Cambiano;TO;44.97346;7.77932
Cambiasca;VB;45.96429;8.54113
Camburzano;BI;45.54421;8.00331
Camerana;CN;44.42266;8.14080
Camerano;AN;43.53093;13.55303
Camerano Casasco;AT;44.98866;8.09088
Camerata Cornello;BG;45.89956;9.65566
Camerata Nuova;RM;42.01845;13.10813
Camerata Picena;AN;43.57820;13.35275
Cameri;NO;45.50102;8.66224
Camerino;MC;43.13536;13.06766
Camerota;SA;40.03319;15.37016
Camigliano;CE;41.18289;14.21036
Camini;RC;38.43203;16.48173
Camino;AL;45.16221;8.28704
Camino al Tagliamento;UD;45.92745;12.94465
Camisano;CR;45.44259;9.74619
Camisano Vicentino;VI;45.52207;11.71332
Cammarata;AG;37.63273;13.63798
Camogli;GE;44.34680;9.15714
Campagna;SA;40.66561;15.10702
Campagna Lupia;VE;45.35344;12.09813
Campagnano di Roma;RM;42.14082;12.38325
Campagnatico;GR;42.88279;11.27494
Campagnola Cremasca;CR;45.39913;9.66944
Campagnola Emilia;RE;44.84131;10.75917
Campana;CS;39.40983;16.82602
Camparada;MB;45.65500;9.32238
Campegine;RE;44.78138;10.53112
Campello sul Clitunno;PG;42.82008;12.77693
Campertogno;VC;45.79867;8.03217
Campi Bisenzio;FI;43.82057;11.13784
Campi Salentina;LE;40.39918;18.02030
Campiglia Cervo;BI;45.65770;8.01210
Campiglia Marittima;LI;43.05903;10.61688
Campiglia dei Berici;VI;45.33669;11.53902
Campiglione Fenile;TO;44.80212;7.32504
Campione d'Italia;CO;45.97008;8.97075
Campitello di Fassa;TN;46.47575;11.74009
Campli;TE;42.72636;13.68636
Campo Calabro;RC;38.21470;15.65805
Campo Ligure;GE;44.53839;8.69763
Campo San Martino;PD;45.54786;11.81195
Campo Tures;BZ;46.91992;11.95188
Campo di Giove;AQ;42.01193;14.04454
Campo di Trens;BZ;46.87112;11.48395
Campo nell'Elba;LI;42.74484;10.23363
Campobasso;CB;41.55775;14.65916
Campobello di Licata;AG;37.25978;13.91889
Campobello di Mazara;TP;37.63459;12.74409
Campochiaro;CB;41.44870;14.50564
Campodarsego;PD;45.50231;11.90728
Campodenno;TN;46.25731;11.03337
Campodimele;LT;41.38980;13.53023
Campodipietra;CB;41.55759;14.74693
Campodolcino;SO;46.40213;9.35431
Campodoro;PD;45.49316;11.75165
Campofelice di Fitalia;PA;37.82622;13.48457
Campofelice di Roccella;PA;37.99201;13.88585
Campofilone;FM;43.07933;13.81454
Campofiorito;PA;37.75326;13.26919
Campoformido;UD;46.01983;13.16005
Campofranco;CL;37.51201;13.71255
Campogalliano;MO;44.69044;10.84126
Campolattaro;BN;41.28693;14.73044
Campoli Appennino;FR;41.73786;13.67882
Campoli del Monte Taburno;BN;41.13074;14.64649
Campolieto;CB;41.63517;14.76695
Campolongo Maggiore;VE;45.33141;12.04809
Campolongo Tapogliano;UD;45.86433;13.39405
Campomaggiore;PZ;40.56711;16.07368
Campomarino;CB;41.95271;15.03586
Campomorone;GE;44.50670;8.89268
Camponogara;VE;45.38509;12.07262
Campora;SA;40.30525;15.29275
Camporeale;PA;37.89700;13.09531
Camporgiano;LU;44.15865;10.33380
Camporosso;IM;43.81518;7.62833
Camporotondo Etneo;CT;37.56740;15.00596
Camporotondo di Fiastrone;MC;43.13180;13.26553
Camposampiero;PD;45.57184;11.93199
Camposano;NA;40.95590;14.52498
Camposanto;MO;44.78790;11.13828
Campospinoso;PV;45.09360;9.24669
Campotosto;AQ;42.55736;13.36989
Camugnano;BO;44.16897;11.08739
Canal San Bovo;TN;46.15631;11.73138
Canale;CN;44.79721;7.99141
Canale Monterano;RM;42.13667;12.10353
Canale d'Agordo;BL;46.36047;11.91485
Canaro;RO;44.93535;11.67653
Canazei;TN;46.47683;11.77130
Cancellara;PZ;40.73079;15.92512
Cancello ed Arnone;CE;41.07353;14.02597
Canda;RO;45.03390;11.50859
Candela;FG;41.13773;15.51396
Candelo;BI;45.54630;8.11270
Candia Canavese;TO;45.32817;7.88661
Candia Lomellina;PV;45.17474;8.59816
Candiana;PD;45.22041;11.99123
Candida;AV;40.94131;14.87372
Candidoni;RC;38.50499;16.08572
Candiolo;TO;44.96027;7.60121
Canegrate;MI;45.57255;8.92457
Canelli;AT;44.71988;8.28820
Canepina;VT;42.38080;12.23365
Caneva;PN;45.96855;12.44903
Canicattini Bagni;SR;37.03499;15.06174
Canicattì;AG;37.36024;13.84999
Canino;VT;42.46417;11.74907
Canischio;TO;45.37435;7.59522
Canistro;AQ;41.94121;13.41146
Canna;CS;40.09477;16.50524
Cannalonga;SA;40.24358;15.29261
Cannara;PG;42.99544;12.58326
Cannero Riviera;VB;46.02206;8.67933
Canneto Pavese;PV;45.05116;9.28098
Canneto sull'Oglio;MN;45.15029;10.37541
Cannobio;VB;46.06172;8.70019
Cannole;LE;40.16786;18.36351
Canolo;RC;38.31514;16.20037
Canonica d'Adda;BG;45.57456;9.54176
Canosa Sannita;CH;42.29529;14.30187
Canosa di Puglia;BT;41.22539;16.06264
Canosio;CN;44.45533;7.08139
Canossa;RE;44.59250;10.40842
Cansano;AQ;42.00461;14.01096
Cantagallo;PO;44.02827;11.10781
Cantalice;RI;42.46830;12.90355
Cantalupa;TO;44.94031;7.33260
Cantalupo Ligure;AL;44.71897;9.04436
Cantalupo in Sabina;RI;42.30787;12.64677
Cantalupo nel Sannio;IS;41.52197;14.39240
Cantarana;AT;44.90038;8.03072
Cantello;VA;45.82106;8.89697
Canterano;RM;41.94185;13.03757
Cantiano;PU;43.47366;12.62723
Cantoira;TO;45.34324;7.38168
Cantù;CO;45.73939;9.12658
Canzano;TE;42.64718;13.80311
Canzo;CO;45.85004;9.27350
Caorle;VE;45.59802;12.88762
Caorso;PC;45.04961;9.87193
Capaccio Paestum;SA;40.42303;15.08075
Capaci;PA;38.17084;13.23935
Capalbio;GR;42.45326;11.42201
Capannoli;PI;43.58387;10.67865
Capannori;LU;43.84892;10.57480
Capena;RM;42.14078;12.53928
Capergnanica;CR;45.33808;9.64415
Capestrano;AQ;42.26742;13.76828
Capiago Intimiano;CO;45.77212;9.12431
Capistrano;VV;38.69067;16.28869
Capistrello;AQ;41.96555;13.38967
Capitignano;AQ;42.52023;13.30080
Capizzi;ME;37.84887;14.47842
Capizzone;BG;45.78452;9.56853
Capo d'Orlando;ME;38.16030;14.74393
Capo di Ponte;BS;46.03000;10.34280
Capodimonte;VT;42.54894;11.90630
Capodrise;CE;41.04196;14.30075
Capoliveri;LI;42.74313;10.38033
Capolona;AR;43.56343;11.85984
Caponago;MB;45.56531;9.37703
Caporciano;AQ;42.25186;13.67134
Caposele;AV;40.81363;15.22615
Capoterra;CA;39.17395;8.97450
Capovalle;BS;45.75407;10.54484
Cappadocia;AQ;42.00706;13.27923
Cappella Cantone;CR;45.24652;9.83810
Cappella Maggiore;TV;45.96901;12.36259
Cappella de' Picenardi;CR;45.15913;10.23013
Cappelle sul Tavo;PE;42.46518;14.10332
Capracotta;IS;41.83385;14.26425
Capraia Isola;LI;43.04992;9.84226
Capraia e Limite;FI;43.74246;10.97643
Capralba;CR;45.44227;9.64244
Capranica;VT;42.25668;12.17806
Capranica Prenestina;RM;41.86207;12.95235
Caprarica di Lecce;LE;40.26289;18.24503
Caprarola;VT;42.32757;12.23797
Caprauna;CN;44.11582;7.95494
Caprese Michelangelo;AR;43.64399;11.98577
Caprezzo;VB;45.98065;8.56129
Capri;NA;40.55097;14.24305
Capri Leone;ME;38.10753;14.70724
Capriana;TN;46.26297;11.33917
Capriano del Colle;BS;45.45516;10.12641
Capriata d'Orba;AL;44.72997;8.68894
Capriate San Gervasio;BG;45.60917;9.52730
Capriati a Volturno;CE;41.46926;14.14611
Caprie;TO;45.11787;7.33251
Capriglia Irpina;AV;40.95580;14.77544
Capriglio;AT;45.00423;8.00816
Caprile;BI;45.69295;8.21297
Caprino Bergamasco;BG;45.74647;9.48158
Caprino Veronese;VR;45.60657;10.79378
Capriolo;BS;45.63980;9.93602
Capriva del Friuli;GO;45.94211;13.51459
Capua;CE;41.10763;14.21085
Capurso;BA;41.04789;16.92021
Caraffa del Bianco;RC;38.09217;16.08542
Caraffa di Catanzaro;CZ;38.88036;16.48725
Caraglio;CN;44.41772;7.42762
Caramagna Piemonte;CN;44.78043;7.74118
Caramanico Terme;PE;42.15724;14.00314
Carapelle;FG;41.36284;15.69371
Carapelle Calvisio;AQ;42.29915;13.68321
Carasco;GE;44.35131;9.34404
Carassai;AP;43.03215;13.68373
Carate Brianza;MB;45.67705;9.23312
Carate Urio;CO;45.87197;9.12240
Caravaggio;BG;45.49714;9.64311
Caravate;VA;45.87951;8.65548
Caravino;TO;45.39861;7.96021
Caravonica;IM;43.99234;7.95888
Carbognano;VT;42.33211;12.26677
Carbonara Scrivia;AL;44.84977;8.87078
Carbonara al Ticino;PV;45.16532;9.05905
Carbonara di Nola;NA;40.87512;14.57608
Carbonate;CO;45.68506;8.94040
Carbone;PZ;40.14163;16.08960
Carbonera;TV;45.68157;12.28902
Carbonia;SU;39.16641;8.52624
Carcare;SV;44.35797;8.29083
Carceri;PD;45.19567;11.62129
Carcoforo;VC;45.90889;8.04890
Cardano al Campo;VA;45.64661;8.77458
Cardedu;NU;39.79580;9.62541
Cardeto;RC;38.08440;15.76577
Cardinale;CZ;38.64241;16.38614
Cardito;NA;40.94648;14.29534
Cardè;CN;44.74418;7.47822
Careggine;LU;44.12081;10.32439
Carema;TO;45.58445;7.81230
Carenno;LC;45.80143;9.46167
Carentino;AL;44.82888;8.47047
Careri;RC;38.17863;16.11621
Caresana;VC;45.22108;8.50649
Caresanablot;VC;45.35735;8.38877
Carezzano;AL;44.80675;8.90001
Carfizzi;KR;39.30619;16.97611
Cargeghe;SS;40.66755;8.61607
Cariati;CS;39.49579;16.94709
Carife;AV;41.02744;15.20813
Carignano;TO;44.90667;7.67534
Carimate;CO;45.70269;9.11525
Carinaro;CE;40.98896;14.21700
Carini;PA;38.13319;13.18241
Carinola;CE;41.18744;13.98181
Carisio;VC;45.40846;8.19859
Carisolo;TN;46.16905;10.76386
Carlantino;FG;41.59229;14.97663
Carlazzo;CO;46.04920;9.15649
Carlentini;SR;37.27598;15.01477
Carlino;UD;45.80228;13.18811
Carloforte;SU;39.14576;8.30558
Carlopoli;CZ;39.05716;16.45487
Carmagnola;TO;44.84655;7.71816
Carmiano;LE;40.34555;18.04547
Carmignano;PO;43.81383;11.01835
Carmignano di Brenta;PD;45.62876;11.70016
Carnago;VA;45.71828;8.83627
Carnate;MB;45.65106;9.37834
Carobbio degli Angeli;BG;45.67046;9.82863
Carolei;CS;39.25310;16.21861
Carona;BG;46.02184;9.78549
Caronia;ME;38.02471;14.44077
Caronno Pertusella;VA;45.59682;9.04787
Caronno Varesino;VA;45.73879;8.83099
Carosino;TA;40.46600;17.39806
Carovigno;BR;40.70710;17.65939
Carovilli;IS;41.71321;14.29427
Carpaneto Piacentino;PC;44.91505;9.78845
Carpanzano;CS;39.14766;16.30357
Carpegna;PU;43.78122;12.33599
Carpenedolo;BS;45.36119;10.43153
Carpeneto;AL;44.67726;8.60632
Carpi;MO;44.78248;10.88526
Carpiano;MI;45.34164;9.27464
Carpignano Salentino;LE;40.19794;18.34057
Carpignano Sesia;NO;45.53531;8.41834
Carpineti;RE;44.45468;10.51955
Carpineto Romano;RM;41.60442;13.08530
Carpineto Sinello;CH;42.01364;14.50777
Carpineto della Nora;PE;42.33281;13.85932
Carpino;FG;41.84463;15.85563
Carpinone;IS;41.59150;14.32381
Carrara;MS;44.07730;10.09678
Carrega Ligure;AL;44.61907;9.17561
Carro;SP;44.27271;9.60826
Carrodano;SP;44.24208;9.65616
Carrosio;AL;44.65941;8.83233
Carrè;VI;45.74741;11.45877
Carrù;CN;44.47859;7.88006
Carsoli;AQ;42.09642;13.08269
Cartigliano;VI;45.71350;11.69408
Cartignano;CN;44.47708;7.28769
Cartoceto;PU;43.76458;12.88377
Cartosio;AL;44.59120;8.41853
Cartura;PD;45.26814;11.86261
Carugate;MI;45.54960;9.33843
Carugo;CO;45.70997;9.18915
Carunchio;CH;41.91698;14.52671
Carvico;BG;45.70686;9.47983
Carzano;TN;46.07088;11.49363
Casabona;KR;39.24846;16.95830
Casacalenda;CB;41.73956;14.84713
Casacanditella;CH;42.24832;14.19883
Casagiove;CE;41.08219;14.31120
Casal Cermelli;AL;44.83570;8.62242
Casal Velino;SA;40.18895;15.10958
Casal di Principe;CE;41.00735;14.13056
Casalanguida;CH;42.03727;14.49640
Casalattico;FR;41.62147;13.72467
Casalbeltrame;NO;45.43624;8.46838
Casalbordino;CH;42.15072;14.58489
Casalbore;AV;41.23421;15.00406
Casalborgone;TO;45.12996;7.94044
Casalbuono;SA;40.21446;15.68297
Casalbuttano ed Uniti;CR;45.25201;9.96168
Casalciprano;CB;41.58167;14.52872
Casalduni;BN;41.26029;14.69521
Casale Corte Cerro;VB;45.91678;8.41506
Casale Cremasco-Vidolasco;CR;45.43161;9.71390
Casale Litta;VA;45.76739;8.74034
Casale Marittimo;PI;43.29725;10.61553
Casale Monferrato;AL;45.13503;8.45261
Casale di Scodosia;PD;45.18780;11.46637
Casale sul Sile;TV;45.59747;12.32563
Casalecchio di Reno;BO;44.48120;11.28247
Casaleggio Boiro;AL;44.63430;8.73168
Casaleggio Novara;NO;45.48630;8.49267
Casaleone;VR;45.16977;11.20022
Casaletto Ceredano;CR;45.31813;9.61679
Casaletto Lodigiano;LO;45.29313;9.36181
Casaletto Spartano;SA;40.15165;15.61856
Casaletto Vaprio;CR;45.40728;9.62904
Casaletto di Sopra;CR;45.41862;9.78130
Casalfiumanese;BO;44.29763;11.61621
Casalgrande;RE;44.58987;10.73927
Casalgrasso;CN;44.81950;7.62496
Casali del Manco;CS;39.28540;16.33730
Casalincontrada;CH;42.28625;14.13186
Casalino;NO;45.35768;8.52274
Casalmaggiore;CR;44.98742;10.41378
Casalmaiocco;LO;45.35304;9.37166
Casalmorano;CR;45.28709;9.89784
Casalmoro;MN;45.25900;10.40798
Casalnoceto;AL;44.91316;8.98199
Casalnuovo Monterotaro;FG;41.61838;15.10240
Casalnuovo di Napoli;NA;40.91481;14.35119
Casaloldo;MN;45.25257;10.48214
Casalpusterlengo;LO;45.17780;9.65107
Casalromano;MN;45.19730;10.36511
Casalserugo;PD;45.31632;11.91481
Casaluce;CE;41.00234;14.19438
Casalvecchio Siculo;ME;37.95821;15.32350
Casalvecchio di Puglia;FG;41.59579;15.11095
Casalvieri;FR;41.63142;13.71316
Casalvolone;NO;45.39946;8.46436
Casalzuigno;VA;45.90327;8.70551
Casamarciano;NA;40.93289;14.55358
Casamassima;BA;40.95538;16.91807
Casamicciola Terme;NA;40.74671;13.90748
Casandrino;NA;40.93574;14.25138
Casanova Elvo;VC;45.39953;8.29331
Casanova Lerrone;SV;44.03159;8.04828
Casanova Lonati;PV;45.09442;9.21374
Casape;RM;41.90641;12.88614
Casapesenna;CE;40.98904;14.13303
Casapinta;BI;45.61503;8.19340
Casaprota;RI;42.25185;12.80366
Casapulla;CE;41.07477;14.28856
Casarano;LE;40.00917;18.16107
Casargo;LC;46.03836;9.38827
Casarile;MI;45.31759;9.10320
Casarsa della Delizia;PN;45.95375;12.84015
Casarza Ligure;GE;44.27462;9.45346
Casasco;AL;44.82823;9.00605
Casatenovo;LC;45.69907;9.31559
Casatisma;PV;45.04569;9.13096
Casavatore;NA;40.90012;14.27453
Casazza;BG;45.75151;9.90632
Cascia;PG;42.71825;13.01314
Casciago;VA;45.83477;8.78438
Casciana Terme Lari;PI;43.56630;10.59350
Cascina;PI;43.67654;10.54928
Cascinette d'Ivrea;TO;45.47845;7.90470
Casei Gerola;PV;45.00631;8.92707
Caselette;TO;45.10588;7.48321
Casella;GE;44.53500;8.99920
Caselle Landi;LO;45.10377;9.79199
Caselle Lurani;LO;45.28043;9.36014
Caselle Torinese;TO;45.17717;7.64819
Caselle in Pittari;SA;40.17244;15.54392
Caserta;CE;41.07466;14.33240
Casier;TV;45.63422;12.25497
Casignana;RC;38.09932;16.09009
Casina;RE;44.51164;10.50046
Casirate d'Adda;BG;45.49235;9.56660
Caslino d'Erba;CO;45.83756;9.22712
Casnate con Bernate;CO;45.75679;9.07466
Casnigo;BG;45.81635;9.86745
Casola Valsenio;RA;44.22352;11.62308
Casola di Napoli;NA;40.69436;14.52864
Casola in Lunigiana;MS;44.20117;10.17572
Casole d'Elsa;SI;43.34050;11.04313
Casoli;CH;42.11504;14.29044
Casorate Primo;PV;45.31192;9.01814
Casorate Sempione;VA;45.67171;8.74032
Casorezzo;MI;45.52420;8.89905
Casoria;NA;40.90566;14.29026
Casorzo;AT;45.02282;8.33414
Casperia;RI;42.33796;12.67030
Caspoggio;SO;46.26473;9.86177
Cassacco;UD;46.17385;13.18611
Cassago Brianza;LC;45.74049;9.29483
Cassano Irpino;AV;40.87019;15.02612
Cassano Magnago;VA;45.67438;8.82083
Cassano Valcuvia;VA;45.93258;8.76818
Cassano all'Ionio;CS;39.78187;16.31921
Cassano d'Adda;MI;45.52652;9.52055
Cassano delle Murge;BA;40.88973;16.77175
Cassaro;SR;37.10523;14.94764
Cassiglio;BG;45.96686;9.61213
Cassina Rizzardi;CO;45.75104;9.03039
Cassina Valsassina;LC;45.93198;9.47939
Cassina de' Pecchi;MI;45.51997;9.36445
Cassinasco;AT;44.68864;8.30166
Cassine;AL;44.74822;8.52548
Cassinelle;AL;44.60685;8.56047
Cassinetta di Lugagnano;MI;45.42213;8.90680
Cassino;FR;41.49268;13.83013
Cassola;VI;45.73259;11.79893
Cassolnovo;PV;45.36583;8.80895
Castagnaro;VR;45.12050;11.41083
Castagneto Carducci;LI;43.16066;10.60997
Castagneto Po;TO;45.16061;7.88699
Castagnito;CN;44.75648;8.03015
Castagnole Monferrato;AT;44.96144;8.30609
Castagnole Piemonte;TO;44.89862;7.56656
Castagnole delle Lanze;AT;44.75492;8.14918
Castana;PV;45.02703;9.27190
Castano Primo;MI;45.55121;8.77636
Casteggio;PV;45.01240;9.12495
Castegnato;BS;45.56212;10.11684
Castegnero;VI;45.43630;11.59917
Castel Baronia;AV;41.04720;15.18836
Castel Boglione;AT;44.72062;8.38120
Castel Bolognese;RA;44.31911;11.79895
Castel Campagnano;CE;41.18240;14.45300
Castel Castagna;TE;42.54295;13.71708
Castel Condino;TN;45.91521;10.60284
Castel Focognano;AR;43.65159;11.83564
Castel Frentano;CH;42.19622;14.35662
Castel Gabbiano;CR;45.46846;9.71762
Castel Gandolfo;RM;41.74676;12.65046
Castel Giorgio;TR;42.70779;11.97960
Castel Goffredo;MN;45.29795;10.47463
Castel Guelfo di Bologna;BO;44.43182;11.67895
Castel Ivano;TN;46.06830;11.52110
Castel Madama;RM;41.97566;12.86857
Castel Maggiore;BO;44.57500;11.36489
Castel Mella;BS;45.49760;10.14188
Castel Morrone;CE;41.12029;14.35762
Castel Ritaldi;PG;42.82305;12.67226
Castel Rocchero;AT;44.71880;8.41597
Castel Rozzone;BG;45.55544;9.62374
Castel San Giorgio;SA;40.78015;14.69777
Castel San Giovanni;PC;45.05852;9.43405
Castel San Lorenzo;SA;40.41683;15.22777
Castel San Niccolò;AR;43.74104;11.70459
Castel San Pietro Romano;RM;41.84637;12.89475
Castel San Pietro Terme;BO;44.39812;11.58918
Castel San Vincenzo;IS;41.65504;14.06252
Castel Sant'Angelo;RI;42.39478;13.02994
Castel Sant'Elia;VT;42.24932;12.36809
Castel Viscardo;TR;42.75574;12.00154
Castel Vittorio;IM;43.92874;7.67319
Castel Volturno;CE;41.03461;13.94094
Castel d'Aiano;BO;44.28065;11.00131
Castel d'Ario;MN;45.18572;10.97140
Castel d'Azzano;VR;45.35359;10.94400
Castel del Giudice;IS;41.85498;14.23148
Castel del Monte;AQ;42.36485;13.72648
Castel del Piano;GR;42.89305;11.53774
Castel del Rio;BO;44.21316;11.50443
Castel di Casio;BO;44.16306;11.03637
Castel di Ieri;AQ;42.11406;13.74076
Castel di Iudica;CT;37.49444;14.64945
Castel di Lama;AP;42.86891;13.71290
Castel di Lucio;ME;37.88722;14.31046
Castel di Sangro;AQ;41.78521;14.10849
Castel di Sasso;CE;41.19769;14.28436
Castel di Tora;RI;42.21549;12.96433
Castelbaldo;PD;45.12114;11.45268
Castelbelforte;MN;45.21408;10.89220
Castelbellino;AN;43.48784;13.14607
Castelbello-Ciardes;BZ;46.62831;10.90114
Castelbianco;SV;44.11322;8.07480
Castelbottaccio;CB;41.75297;14.70711
Castelbuono;PA;37.93385;14.08826
Castelcivita;SA;40.49297;15.23300
Castelcovati;BS;45.50607;9.94319
Castelcucco;TV;45.83318;11.88383
Casteldaccia;PA;38.05537;13.53252
Casteldelci;RN;43.79139;12.15512
Casteldelfino;CN;44.59097;7.06903
Casteldidone;CR;45.07068;10.40578
Castelfidardo;AN;43.46453;13.54660
Castelfiorentino;FI;43.60573;10.97131
Castelforte;LT;41.30023;13.82275
Castelfranci;AV;40.93068;15.04099
Castelfranco Emilia;MO;44.59637;11.05299
Castelfranco Piandiscò;AR;43.62200;11.55830
Castelfranco Veneto;TV;45.67136;11.92640
Castelfranco di Sotto;PI;43.69970;10.74524
Castelfranco in Miscano;BN;41.29687;15.08257
Castelgomberto;VI;45.58593;11.39447
Castelgrande;PZ;40.78522;15.43306
Castelguglielmo;RO;45.02570;11.53728
Castelguidone;CH;41.82349;14.52299
Castell'Alfero;AT;44.98271;8.20945
Castell'Arquato;PC;44.85120;9.86760
Castell'Azzara;GR;42.77354;11.69777
Castell'Umberto;ME;38.08458;14.80688
Castellabate;SA;40.28644;14.94920
Castellafiume;AQ;41.98796;13.33469
Castellalto;TE;42.67540;13.81746
Castellammare del Golfo;TP;38.02638;12.88044
Castellammare di Stabia;NA;40.69453;14.48032
Castellamonte;TO;45.38334;7.70987
Castellana Grotte;BA;40.88250;17.16979
Castellana Sicula;PA;37.78176;14.04409
Castellaneta;TA;40.63026;16.93207
Castellania Coppi;AL;44.79885;8.93045
Castellanza;VA;45.61147;8.89759
Castellar Guidobono;AL;44.90627;8.94674
Castellarano;RE;44.50955;10.73064
Castellaro;IM;43.86470;7.86832
Castellazzo Bormida;AL;44.84547;8.57712
Castellazzo Novarese;NO;45.51399;8.48871
Castelleone;CR;45.29350;9.76489
Castelleone di Suasa;AN;43.60724;12.97677
Castellero;AT;44.92401;8.07475
Castelletto Cervo;BI;45.51900;8.22520
Castelletto Merli;AL;45.07520;8.24056
Castelletto Molina;AT;44.75031;8.43283
Castelletto Monferrato;AL;44.97987;8.56624
Castelletto Stura;CN;44.44423;7.63905
Castelletto Uzzone;CN;44.49258;8.18598
Castelletto d'Erro;AL;44.62509;8.39441
Castelletto d'Orba;AL;44.68557;8.70226
Castelletto di Branduzzo;PV;45.07019;9.09767
Castelletto sopra Ticino;NO;45.71405;8.64237
Castelli;TE;42.48941;13.71172
Castelli Calepio;BG;45.64153;9.90225
Castellina Marittima;PI;43.41197;10.57549
Castellina in Chianti;SI;43.47001;11.28566
Castellinaldo d'Alba;CN;44.77533;8.03154
Castellino Tanaro;CN;44.42777;7.98189
Castellino del Biferno;CB;41.70220;14.73138
Castelliri;FR;41.67931;13.55048
Castello Cabiaglio;VA;45.89255;8.75482
Castello Tesino;TN;46.06242;11.63371
Castello d'Agogna;PV;45.23600;8.68938
Castello d'Argile;BO;44.68123;11.29660
Castello del Matese;CE;41.36675;14.37791
Castello dell'Acqua;SO;46.14549;10.01579
Castello di Annone;AT;44.87877;8.31369
Castello di Brianza;LC;45.75583;9.34825
Castello di Cisterna;NA;40.91670;14.40789
Castello di Godego;TV;45.69214;11.88102
Castello-Molina di Fiemme;TN;46.28125;11.43471
Castellucchio;MN;45.14673;10.64451
Castelluccio Inferiore;PZ;40.00510;15.97290
Castelluccio Superiore;PZ;40.00960;15.97672
Castelluccio Valmaggiore;FG;41.34311;15.20333
Castelluccio dei Sauri;FG;41.30410;15.47395
Castelmagno;CN;44.40916;7.21233
Castelmarte;CO;45.83251;9.23336
Castelmassa;RO;45.01769;11.31040
Castelmauro;CB;41.82940;14.71042
Castelmezzano;PZ;40.53067;16.04814
Castelmola;ME;37.85819;15.27666
Castelnovetto;PV;45.25438;8.61140
Castelnovo Bariano;RO;45.02669;11.28626
Castelnovo del Friuli;PN;46.19991;12.90325
Castelnovo di Sotto;RE;44.81160;10.56368
Castelnovo ne' Monti;RE;44.43749;10.40326
Castelnuovo;TN;46.05226;11.49420
Castelnuovo Belbo;AT;44.80181;8.41226
Castelnuovo Berardenga;SI;43.34549;11.50314
Castelnuovo Bocca d'Adda;LO;45.11237;9.86941
Castelnuovo Bormida;AL;44.74369;8.54620
Castelnuovo Bozzente;CO;45.76345;8.94138
Castelnuovo Calcea;AT;44.78822;8.28564
Castelnuovo Cilento;SA;40.21846;15.17802
Castelnuovo Don Bosco;AT;45.04134;7.96362
Castelnuovo Magra;SP;44.09847;10.01820
Castelnuovo Nigra;TO;45.43732;7.69511
Castelnuovo Parano;FR;41.37776;13.75534
Castelnuovo Rangone;MO;44.54913;10.93965
Castelnuovo Scrivia;AL;44.97942;8.88163
Castelnuovo del Garda;VR;45.44038;10.76370
Castelnuovo della Daunia;FG;41.58268;15.11835
Castelnuovo di Ceva;CN;44.35331;8.13020
Castelnuovo di Conza;SA;40.81816;15.32126
Castelnuovo di Farfa;RI;42.23191;12.74270
Castelnuovo di Garfagnana;LU;44.11032;10.41166
Castelnuovo di Porto;RM;42.12579;12.50045
Castelnuovo di Val di Cecina;PI;43.20690;10.90601
Castelpagano;BN;41.40252;14.80668
Castelpetroso;IS;41.55953;14.34526
Castelpizzuto;IS;41.52140;14.29266
Castelplanio;AN;43.49459;13.08135
Castelpoto;BN;41.14097;14.69971
Castelraimondo;MC;43.21000;13.05770
Castelrotto;BZ;46.56781;11.55946
Castelsantangelo sul Nera;MC;42.89447;13.15308
Castelsaraceno;PZ;40.16503;15.99271
Castelsardo;SS;40.91582;8.71333
Castelseprio;VA;45.71695;8.86127
Castelsilano;KR;39.27061;16.76687
Castelspina;AL;44.80447;8.58242
Casteltermini;AG;37.54081;13.64340
Castelveccana;VA;45.94653;8.66483
Castelvecchio Calvisio;AQ;42.31015;13.68873
Castelvecchio Subequo;AQ;42.13147;13.72883
Castelvecchio di Rocca Barbena;SV;44.13038;8.11551
Castelvenere;BN;41.23461;14.54744
Castelverde;CR;45.18571;9.99696
Castelverrino;IS;41.76823;14.39759
Castelvetere in Val Fortore;BN;41.44197;14.94213
Castelvetere sul Calore;AV;40.92992;14.98607
Castelvetrano;TP;37.67916;12.79164
Castelvetro Piacentino;PC;45.09666;9.98803
Castelvetro di Modena;MO;44.50347;10.94303
Castelvisconti;CR;45.30568;9.94221
Castenaso;BO;44.50892;11.46879
Castenedolo;BS;45.47136;10.30044
Castiadas;SU;39.27561;9.52360
Castiglion Fibocchi;AR;43.52757;11.76322
Castiglion Fiorentino;AR;43.34164;11.92387
Castiglione Chiavarese;GE;44.27471;9.51355
Castiglione Cosentino;CS;39.35271;16.28822
Castiglione Falletto;CN;44.62334;7.97903
Castiglione Messer Marino;CH;41.86694;14.45170
Castiglione Messer Raimondo;TE;42.53143;13.88234
Castiglione Olona;VA;45.75638;8.86808
Castiglione Tinella;CN;44.72605;8.18943
Castiglione Torinese;TO;45.12331;7.81609
Castiglione a Casauria;PE;42.23628;13.89399
Castiglione d'Adda;LO;45.21569;9.69503
Castiglione d'Orcia;SI;43.00438;11.61639
Castiglione dei Pepoli;BO;44.14166;11.15391
Castiglione del Genovesi;SA;40.72505;14.84823
Castiglione del Lago;PG;43.12728;12.05358
Castiglione della Pescaia;GR;42.76203;10.87883
Castiglione delle Stiviere;MN;45.38650;10.49105
Castiglione di Garfagnana;LU;44.14909;10.41127
Castiglione di Sicilia;CT;37.88270;15.12239
Castiglione in Teverina;VT;42.64496;12.20411
Castignano;AP;42.93806;13.62156
Castilenti;TE;42.53336;13.91777
Castino;CN;44.61700;8.18121
Castione Andevenno;SO;46.17286;9.80030
Castione della Presolana;BG;45.90775;10.03641
Castions di Strada;UD;45.90845;13.18486
Castiraga Vidardo;LO;45.25645;9.40264
Casto;BS;45.69509;10.32060
Castorano;AP;42.89833;13.72762
Castrezzato;BS;45.51109;9.97672
Castri di Lecce;LE;40.27267;18.26680
Castrignano de' Greci;LE;40.17485;18.29525
Castrignano del Capo;LE;39.82938;18.35352
Castro;BG;45.80380;10.06877
Castro;LE;40.00790;18.42477
Castro dei Volsci;FR;41.50866;13.40667
Castrocaro Terme e Terra del Sole;FC;44.17607;11.95003
Castrocielo;FR;41.53118;13.69629
Castrofilippo;AG;37.34869;13.75018
Castrolibero;CS;39.31002;16.19454
Castronno;VA;45.74696;8.81289
Castronovo di Sicilia;PA;37.67842;13.60374
Castronuovo di Sant'Andrea;PZ;40.18854;16.18609
Castropignano;CB;41.61982;14.56170
Castroreale;ME;38.09848;15.21103
Castroregio;CS;39.99257;16.47832
Castrovillari;CS;39.81098;16.20230
Catania;CT;37.50288;15.08705
Catanzaro;CZ;38.90598;16.59440
Catenanuova;EN;37.56792;14.69146
Catignano;PE;42.34603;13.94977
Cattolica;RN;43.96377;12.74464
Cattolica Eraclea;AG;37.43953;13.39540
Caulonia;RC;38.38139;16.41049
Cautano;BN;41.14920;14.63797
Cava Manara;PV;45.13887;9.10711
Cava de' Tirreni;SA;40.70081;14.70597
Cavaglietto;NO;45.60280;8.50091
Cavaglio d'Agogna;NO;45.61181;8.48279
Cavaglià;BI;45.40576;8.09349
Cavagnolo;TO;45.15207;8.05131
Cavaion Veronese;VR;45.53829;10.77168
Cavalese;TN;46.29130;11.46043
Cavallerleone;CN;44.73944;7.66274
Cavallermaggiore;CN;44.70786;7.68775
Cavallino;LE;40.31567;18.19450
Cavallino-Treporti;VE;45.45348;12.45372
Cavallirio;NO;45.66496;8.39674
Cavareno;TN;46.40792;11.13660
Cavargna;CO;46.09068;9.11203
Cavaria con Premezzo;VA;45.69455;8.79768
Cavarzere;VE;45.13680;12.08371
Cavaso del Tomba;TV;45.86034;11.89521
Cavasso Nuovo;PN;46.19403;12.76881
Cavatore;AL;44.63096;8.45241
Cavazzo Carnico;UD;46.36768;13.04046
Cave;RM;41.81808;12.93179
Cavedago;TN;46.18353;11.02806
Cavedine;TN;45.99392;10.97082
Cavenago d'Adda;LO;45.28397;9.60180
Cavenago di Brianza;MB;45.58530;9.41488
Cavernago;BG;45.62380;9.76373
Cavezzo;MO;44.83770;11.02990
Cavizzana;TN;46.36819;10.95837
Cavour;TO;44.78403;7.37523
Cavriago;RE;44.69486;10.52673
Cavriana;MN;45.34991;10.60100
Cavriglia;AR;43.52369;11.48906
Cazzago Brabbia;VA;45.79535;8.73528
Cazzago San Martino;BS;45.58101;10.02502
Cazzano Sant'Andrea;BG;45.81122;9.88223
Cazzano di Tramigna;VR;45.47244;11.20349
Ceccano;FR;41.56856;13.33364
Cecima;PV;44.84781;9.08169
Cecina;LI;43.31218;10.51937
Cedegolo;BS;46.07576;10.34999
Cedrasco;SO;46.14931;9.76800
Cefalà Diana;PA;37.91541;13.46372
Cefalù;PA;38.03970;14.02202
Ceggia;VE;45.68631;12.63742
Ceglie Messapica;BR;40.64697;17.51709
Celano;AQ;42.08483;13.54822
Celenza Valfortore;FG;41.56213;14.97751
Celenza sul Trigno;CH;41.87177;14.58113
Celico;CS;39.31067;16.34029
Cella Dati;CR;45.09616;10.22126
Cella Monte;AL;45.07480;8.39069
Cellamare;BA;41.01842;16.92907
Cellara;CS;39.21796;16.33277
Cellarengo;AT;44.86600;7.94500
Cellatica;BS;45.58269;10.17777
Celle Enomondo;AT;44.85663;8.12297
Celle Ligure;SV;44.34206;8.54522
Celle di Bulgheria;SA;40.09492;15.40574
Celle di Macra;CN;44.48257;7.17967
Celle di San Vito;FG;41.32507;15.18122
Celleno;VT;42.55980;12.12641
Cellere;VT;42.50799;11.76784
Cellino Attanasio;TE;42.58627;13.85952
Cellino San Marco;BR;40.47428;17.96964
Cellole;CE;41.20444;13.85490
Cembra Lisignago;TN;46.17460;11.22180
Cenadi;CZ;38.71725;16.41006
Cenate Sopra;BG;45.71174;9.82418
Cenate Sotto;BG;45.69843;9.82395
Cencenighe Agordino;BL;46.35125;11.96626
Cene;BG;45.77943;9.82557
Ceneselli;RO;45.01308;11.36942
Cengio;SV;44.38756;8.20841
Centallo;CN;44.50412;7.59015
Cento;FE;44.72756;11.29061
Centola;SA;40.06581;15.30985
Centrache;CZ;38.72952;16.43018
Centuripe;EN;37.62031;14.74143
Cepagatti;PE;42.36462;14.07304
Ceppaloni;BN;41.04557;14.76112
Ceppo Morelli;VB;45.97137;8.06671
Ceprano;FR;41.54569;13.51942
Cerami;EN;37.81035;14.50637
Ceranesi;GE;44.50394;8.89460
Cerano;NO;45.41067;8.78086
Cerano d'Intelvi;CO;45.94446;9.08764
Ceranova;PV;45.26001;9.24226
Ceraso;SA;40.19296;15.25855
Cercemaggiore;CB;41.46031;14.72210
Cercenasco;TO;44.86126;7.50126
Cercepiccola;CB;41.45932;14.66804
Cerchiara di Calabria;CS;39.85915;16.38164
Cerchio;AQ;42.06412;13.60051
Cercino;SO;46.15778;9.50818
Cercivento;UD;46.52713;12.98772
Cercola;NA;40.86005;14.35891
Cerda;PA;37.90386;13.81537
Cerea;VR;45.19202;11.21287
Ceregnano;RO;45.05007;11.87058
Cerenzia;KR;39.24504;16.78281
Ceres;TO;45.31308;7.38934
Ceresara;MN;45.26332;10.56562
Cereseto;AL;45.08601;8.31694
Ceresole Alba;CN;44.79952;7.82057
Ceresole Reale;TO;45.43262;7.23254
Cerete;BG;45.86769;9.99497
Ceretto Lomellina;PV;45.24482;8.67241
Cergnago;PV;45.19717;8.76909
Ceriale;SV;44.09636;8.23207
Ceriana;IM;43.88095;7.77295
Ceriano Laghetto;MB;45.62719;9.07907
Cerignale;PC;44.67749;9.35097
Cerignola;FG;41.26522;15.90368
Cerisano;CS;39.27455;16.17836
Cermenate;CO;45.69857;9.08269
Cermes;BZ;46.63279;11.14503
Cermignano;TE;42.58862;13.79238
Cernobbio;CO;45.83962;9.07435
Cernusco Lombardone;LC;45.69049;9.39755
Cernusco sul Naviglio;MI;45.52420;9.33503
Cerreto Grue;AL;44.84186;8.93198
Cerreto Guidi;FI;43.75967;10.87758
Cerreto Laziale;RM;41.94437;12.98165
Cerreto Sannita;BN;41.28322;14.55689
Cerreto d'Asti;AT;45.04977;8.03676
Cerreto d'Esi;AN;43.32074;12.98515
Cerreto di Spoleto;PG;42.81933;12.91639
Cerretto Langhe;CN;44.57434;8.09784
Cerrina Monferrato;AL;45.12019;8.21525
Cerrione;BI;45.48091;8.07399
Cerro Maggiore;MI;45.59344;8.95071
Cerro Tanaro;AT;44.87267;8.36021
Cerro Veronese;VR;45.57418;11.04159
Cerro al Lambro;MI;45.33157;9.33846
Cerro al Volturno;IS;41.65408;14.10315
Cersosimo;PZ;40.04571;16.34928
Certaldo;FI;43.54778;11.04076
Certosa di Pavia;PV;45.25434;9.12742
Cerva;CZ;39.02032;16.74247
Cervara di Roma;RM;41.98808;13.06770
Cervarese Santa Croce;PD;45.40293;11.69190
Cervaro;FR;41.48104;13.90505
Cervasca;CN;44.38316;7.46789
Cervatto;VC;45.88308;8.16235
Cerveno;BS;46.00232;10.32551
Cervere;CN;44.63475;7.79317
Cervesina;PV;45.06117;9.01776
Cerveteri;RM;41.99824;12.09897
Cervia;RA;44.26093;12.34982
Cervicati;CS;39.54237;16.12682
Cervignano d'Adda;LO;45.37383;9.42264
Cervignano del Friuli;UD;45.82327;13.33442
Cervinara;AV;41.02074;14.61722
Cervino;CE;41.03971;14.42434
Cervo;IM;43.92534;8.11439
Cerzeto;CS;39.50771;16.11398
Cesa;CE;40.96254;14.23045
Cesana Brianza;LC;45.81946;9.30076
Cesana Torinese;TO;44.95241;6.79423
Cesano Boscone;MI;45.44594;9.09327
Cesano Maderno;MB;45.62648;9.14803
Cesara;VB;45.83510;8.36593
Cesarò;ME;37.84375;14.71218
Cesate;MI;45.59501;9.07544
Cesena;FC;44.13655;12.24217
Cesenatico;FC;44.19954;12.39544
Cesinali;AV;40.89613;14.82976
Cesio;IM;44.00771;7.97497
Cesiomaggiore;BL;46.08869;11.98717
Cessalto;TV;45.71275;12.61380
Cessaniti;VV;38.66395;16.02959
Cessapalombo;MC;43.10910;13.25841
Cessole;AT;44.64799;8.24320
Cetara;SA;40.64676;14.70092
Ceto;BS;46.00236;10.35185
Cetona;SI;42.96289;11.90065
Cetraro;CS;39.51621;15.94302
Ceva;CN;44.38624;8.03522
Cevo;BS;46.08019;10.37038
Challand-Saint-Anselme;AO;45.71640;7.73656
Challand-Saint-Victor;AO;45.68977;7.70646
Chambave;AO;45.74434;7.54994
Chamois;AO;45.83836;7.62028
Champdepraz;AO;45.68574;7.65775
Champorcher;AO;45.62361;7.62079
Charvensod;AO;45.72043;7.32541
Cherasco;CN;44.65223;7.85820
Cheremule;SS;40.50610;8.72514
Chialamberto;TO;45.36286;7.34570
Chiampo;VI;45.54485;11.28166
Chianche;AV;41.04370;14.79090
Chianciano Terme;SI;43.05884;11.83181
Chianni;PI;43.48583;10.64255
Chianocco;TO;45.14859;7.16939
Chiaramonte Gulfi;RG;37.03158;14.70127
Chiaramonti;SS;40.75182;8.82000
Chiarano;TV;45.72841;12.58214
Chiaravalle;AN;43.59973;13.32555
Chiaravalle Centrale;CZ;38.68408;16.41420
Chiari;BS;45.53684;9.93053
Chiaromonte;PZ;40.12433;16.21499
Chiauci;IS;41.67806;14.38553
Chiavari;GE;44.31671;9.32402
Chiavenna;SO;46.32103;9.40549
Chiaverano;TO;45.49940;7.90313
Chienes;BZ;46.80645;11.83632
Chieri;TO;45.01315;7.82107
Chies d'Alpago;BL;46.17266;12.38684
Chiesa in Valmalenco;SO;46.26377;9.84833
Chiesanuova;TO;45.41781;7.65606
Chiesina Uzzanese;PT;43.83917;10.71951
Chieti;CH;42.35103;14.16755
Chieuti;FG;41.84448;15.16543
Chieve;CR;45.33750;9.61612
Chignolo Po;PV;45.15251;9.48821
Chignolo d'Isola;BG;45.66513;9.52723
Chioggia;VE;45.22007;12.27944
Chiomonte;TO;45.11939;6.98339
Chions;PN;45.86230;12.75235
Chiopris-Viscone;UD;45.92452;13.40250
Chitignano;AR;43.66138;11.88026
Chiuduno;BG;45.64690;9.85376
Chiuppano;VI;45.76130;11.46409
Chiuro;SO;46.16956;9.98921
Chiusa;BZ;46.64167;11.56809
Chiusa Sclafani;PA;37.67706;13.26987
Chiusa di Pesio;CN;44.32477;7.67788
Chiusa di San Michele;TO;45.10155;7.32644
Chiusaforte;UD;46.40822;13.31049
Chiusanico;IM;43.97324;7.99164
Chiusano d'Asti;AT;44.98505;8.11781
Chiusano di San Domenico;AV;40.93191;14.91673
Chiusavecchia;IM;43.96789;7.98333
Chiusdino;SI;43.15508;11.08812
Chiusi;SI;43.01673;11.94762
Chiusi della Verna;AR;43.69972;11.93501
Chivasso;TO;45.18856;7.88714
Châtillon;AO;45.74957;7.61325
Ciampino;RM;41.80288;12.60169
Cianciana;AG;37.51745;13.43526
Cibiana di Cadore;BL;46.39170;12.29077
Cicagna;GE;44.40860;9.23595
Cicala;CZ;39.02308;16.48636
Cicciano;NA;40.96363;14.54320
Cicerale;SA;40.34368;15.12672
Ciciliano;RM;41.96124;12.94164
Cicognolo;CR;45.16762;10.19404
Ciconio;TO;45.33032;7.75987
Cigliano;VC;45.30956;8.02149
Cigliè;CN;44.43507;7.92623
Cigognola;PV;45.03309;9.24377
Cigole;BS;45.30993;10.19137
Cilavegna;PV;45.31043;8.74368
Cimadolmo;TV;45.78770;12.36130
Cimbergo;BS;46.02385;10.36308
Ciminna;PA;37.89726;13.56195
Ciminà;RC;38.24668;16.14155
Cimitile;NA;40.93972;14.52673
Cimolais;PN;46.28808;12.43780
Cimone;TN;45.97819;11.06847
Cinaglio;AT;44.97484;8.10017
Cineto Romano;RM;42.05024;12.96392
Cingia de' Botti;CR;45.08416;10.27528
Cingoli;MC;43.37428;13.21647
Cinigiano;GR;42.89108;11.39417
Cinisello Balsamo;MI;45.55836;9.21357
Cinisi;PA;38.15490;13.10914
Cino;SO;46.15843;9.48531
Cinquefrondi;RC;38.41619;16.09663
Cintano;TO;45.42805;7.68662
Cinte Tesino;TN;46.05437;11.61619
Cinto Caomaggiore;VE;45.82576;12.78564
Cinto Euganeo;PD;45.29130;11.66112
Cinzano;TO;45.09390;7.92112
Ciorlano;CE;41.45047;14.15805
Cipressa;IM;43.85295;7.93410
Circello;BN;41.35603;14.80829
Cirigliano;MT;40.39302;16.17121
Cirimido;CO;45.69881;9.01109
Ciriè;TO;45.23202;7.60378
Cirò;KR;39.38169;17.05965
Cirò Marina;KR;39.36529;17.13084
Cis;TN;46.40005;11.00234
Cisano Bergamasco;BG;45.74239;9.47436
Cisano sul Neva;SV;44.08729;8.14496
Ciserano;BG;45.58667;9.60073
Cislago;VA;45.66175;8.97062
Cisliano;MI;45.44605;8.98608
Cison di Valmarino;TV;45.97001;12.14322
Cissone;CN;44.56310;8.03051
Cisterna d'Asti;AT;44.82618;8.00482
Cisterna di Latina;LT;41.59277;12.82827
Cisternino;BR;40.73932;17.42571
Citerna;PG;43.49827;12.11647
Cittadella;PD;45.64858;11.78365
Cittaducale;RI;42.38666;12.94815
Cittanova;RC;38.35538;16.08038
Cittareale;RI;42.61762;13.15983
Cittiglio;VA;45.89466;8.66871
Città Sant'Angelo;PE;42.51832;14.05868
Città della Pieve;PG;42.95282;12.00506
Città di Castello;PG;43.45738;12.23815
Civate;LC;45.82585;9.34740
Civezza;IM;43.87934;7.95128
Civezzano;TN;46.09006;11.17963
Civiasco;VC;45.80669;8.29279
Cividale del Friuli;UD;46.09357;13.43203
Cividate Camuno;BS;45.94349;10.27955
Cividate al Piano;BG;45.55426;9.82980
Civita;CS;39.82770;16.31319
Civita Castellana;VT;42.28918;12.41177
Civita d'Antino;AQ;41.88637;13.47213
Civitacampomarano;CB;41.78067;14.69042
Civitaluparella;CH;41.94484;14.30305
Civitanova Marche;MC;43.30668;13.72803
Civitanova del Sannio;IS;41.66771;14.40422
Civitaquana;PE;42.32624;13.89728
Civitavecchia;RM;42.09213;11.79338
Civitella Alfedena;AQ;41.76532;13.94055
Civitella Casanova;PE;42.36472;13.88895
Civitella Messer Raimondo;CH;42.08787;14.21556
Civitella Paganico;GR;42.99397;11.28162
Civitella Roveto;AQ;41.91622;13.42688
Civitella San Paolo;RM;42.19589;12.58250
Civitella d'Agliano;VT;42.60623;12.18796
Civitella del Tronto;TE;42.77171;13.66549
Civitella di Romagna;FC;44.00686;11.93826
Civitella in Val di Chiana;AR;43.40321;11.77091
Civo;SO;46.15635;9.58121
Claino con Osteno;CO;46.00692;9.08434
Claut;PN;46.26714;12.51392
Clauzetto;PN;46.22906;12.91494
Clavesana;CN;44.48215;7.91198
Claviere;TO;44.93862;6.74931
Cles;TN;46.36440;11.03564
Cleto;CS;39.11658;16.16593
Clivio;VA;45.86446;8.93359
Clusone;BG;45.89157;9.94697
Coassolo Torinese;TO;45.30071;7.46133
Coazze;TO;45.05142;7.29464
Coazzolo;AT;44.72821;8.14514
Coccaglio;BS;45.56238;9.97696
Cocconato;AT;45.08718;8.03924
Cocquio-Trevisago;VA;45.85788;8.69655
Cocullo;AQ;42.03315;13.77472
Codevigo;PD;45.26796;12.10332
Codevilla;PV;44.96400;9.05550
Codigoro;FE;44.83184;12.10501
Codogno;LO;45.16003;9.70319
Codognè;TV;45.87033;12.42960
Codroipo;UD;45.96181;12.97693
Codrongianos;SS;40.65810;8.68010
Coggiola;BI;45.68458;8.18516
Cogliate;MB;45.64575;9.08185
Cogne;AO;45.60810;7.35590
Cogoleto;GE;44.38947;8.64633
Cogollo del Cengio;VI;45.78633;11.42068
Cogorno;GE;44.32865;9.35217
Colazza;NO;45.79263;8.49909
Colere;BG;45.97390;10.08572
Colfelice;FR;41.55588;13.60566
Coli;PC;44.74342;9.41282
Colico;LC;46.13383;9.37501
Collalto Sabino;RI;42.13643;13.04828
Collarmele;AQ;42.06133;13.62643
Collazzone;PG;42.89426;12.43789
Colle Brianza;LC;45.76169;9.36591
Colle San Magno;FR;41.54984;13.69399
Colle Sannita;BN;41.36377;14.83296
Colle Santa Lucia;BL;46.44729;12.01429
Colle Umberto;TV;45.94051;12.34151
Colle d'Anchise;CB;41.50912;14.51834
Colle di Tora;RI;42.21208;12.94778
Colle di Val d'Elsa;SI;43.42121;11.11775
Collebeato;BS;45.58567;10.21389
Collecchio;PR;44.75280;10.21580
Collecorvino;PE;42.45822;14.01437
Colledara;TE;42.53967;13.67892
Colledimacine;CH;42.00461;14.20159
Colledimezzo;CH;41.98570;14.38107
Colleferro;RM;41.73041;13.00559
Collegiove;RI;42.17488;13.03707
Collegno;TO;45.07740;7.56913
Collelongo;AQ;41.88639;13.58351
Collepardo;FR;41.76119;13.36771
Collepasso;LE;40.07321;18.16294
Collepietro;AQ;42.22096;13.78056
Colleretto Castelnuovo;TO;45.42141;7.67898
Colleretto Giacosa;TO;45.43289;7.79996
Collesalvetti;LI;43.58922;10.47606
Collesano;PA;37.92106;13.93755
Colletorto;CB;41.66318;14.97294
Collevecchio;RI;42.33544;12.55272
Colli a Volturno;IS;41.59903;14.10392
Colli al Metauro;PU;43.75460;12.89820
Colli del Tronto;AP;42.87801;13.74816
Colli sul Velino;RI;42.49898;12.77971
Colliano;SA;40.72519;15.29243
Collinas;SU;39.64089;8.83685
Collio;BS;45.81117;10.33333
Collobiano;VC;45.39713;8.34854
Colloredo di Monte Albano;UD;46.16601;13.13797
Colmurano;MC;43.16387;13.35671
Colobraro;MT;40.18798;16.42340
Cologna Veneta;VR;45.31069;11.38439
Cologne;BS;45.58561;9.94305
Cologno Monzese;MI;45.52980;9.27517
Cologno al Serio;BG;45.57941;9.70610
Colognola ai Colli;VR;45.43439;11.18671
Colonna;RM;41.83431;12.75112
Colonnella;TE;42.87177;13.86757
Colonno;CO;45.95773;9.15410
Colorina;SO;46.15185;9.73346
Colorno;PR;44.92880;10.37565
Colosimi;CS;39.11886;16.39985
Colturano;MI;45.38190;9.34923
Colverde;CO;45.81050;9.00494
Colzate;BG;45.81596;9.85631
Comabbio;VA;45.77264;8.67467
Comacchio;FE;44.69462;12.18387
Comano;MS;44.29723;10.13488
Comano Terme;TN;46.03166;10.86885
Comazzo;LO;45.44065;9.46396
Comeglians;UD;46.51358;12.86792
Comelico Superiore;BL;46.58875;12.51601
Comerio;VA;45.84262;8.74709
Comezzano-Cizzago;BS;45.47259;9.94904
Comignago;NO;45.71524;8.56512
Comiso;RG;36.94566;14.60469
Comitini;AG;37.40861;13.64362
Comiziano;NA;40.95251;14.54935
Commessaggio;MN;45.03460;10.54534
Commezzadura;TN;46.32122;10.83926
Como;CO;45.80999;9.08516
Compiano;PR;44.49596;9.66243
Comun Nuovo;BG;45.62325;9.66474
Comunanza;AP;42.95758;13.41392
Cona;VE;45.19296;12.03912
Conca Casale;IS;41.49446;14.00670
Conca dei Marini;SA;40.61788;14.57425
Conca della Campania;CE;41.33174;13.99142
Concamarise;VR;45.20736;11.13883
Concerviano;RI;42.32345;12.98572
Concesio;BS;45.60437;10.21846
Concordia Sagittaria;VE;45.75582;12.84599
Concordia sulla Secchia;MO;44.91224;10.98281
Concorezzo;MB;45.59106;9.33866
Condofuri;RC;38.00426;15.85901
Condove;TO;45.11714;7.31073
Condrò;ME;38.17570;15.32649
Conegliano;TV;45.88717;12.29773
Confienza;PV;45.33192;8.55760
Configni;RI;42.42363;12.64235
Conflenti;CZ;39.07240;16.28433
Coniolo;AL;45.14691;8.37205
Conselice;RA;44.51266;11.82906
Conselve;PD;45.23224;11.87569
Contessa Entellina;PA;37.72820;13.18404
Contigliano;RI;42.41075;12.76655
Contrada;AV;40.86718;14.77329
Controguerra;TE;42.85567;13.82057
Controne;SA;40.50974;15.20382
Contursi Terme;SA;40.64915;15.24109
Contà;TN;46.31080;11.02410
Conversano;BA;40.96609;17.11524
Conza della Campania;AV;40.85725;15.33570
Conzano;AL;45.02054;8.45606
Copertino;LE;40.27186;18.04782
Copiano;PV;45.19748;9.32091
Copparo;FE;44.89548;11.82872
Corana;PV;45.06289;8.96949
Corato;BA;41.15380;16.41327
Corbara;SA;40.72278;14.59253
Corbetta;MI;45.46753;8.92190
Corbola;RO;45.00563;12.07742
Corchiano;VT;42.34559;12.35664
Corciano;PG;43.12855;12.28640
Cordenons;PN;45.98849;12.70715
Cordignano;TV;45.94895;12.41545
Cordovado;PN;45.85013;12.88212
Coreglia Antelminelli;LU;44.06453;10.52530
Coreglia Ligure;GE;44.39204;9.26699
Coreno Ausonio;FR;41.34629;13.77732
Corfinio;AQ;42.12416;13.84386
Cori;LT;41.64242;12.91320
Coriano;RN;43.96441;12.60253
Corigliano d'Otranto;LE;40.15991;18.26175
Corinaldo;AN;43.64885;13.04773
Corio;TO;45.31274;7.53256
Corleone;PA;37.81204;13.30158
Corleto Monforte;SA;40.43759;15.38083
Corleto Perticara;PZ;40.38382;16.04250
Cormano;MI;45.54301;9.17254
Cormons;GO;45.96066;13.47364
Corna Imagna;BG;45.83152;9.54448
Cornalba;BG;45.85024;9.74464
Cornale e Bastida;PV;45.04390;8.91089
Cornaredo;MI;45.50197;9.02583
Cornate d'Adda;MB;45.64876;9.46389
Cornedo Vicentino;VI;45.61413;11.34320
Cornedo all'Isarco;BZ;46.49425;11.39267
Cornegliano Laudense;LO;45.28440;9.47245
Corneliano d'Alba;CN;44.73554;7.96129
Corniglio;PR;44.47620;10.08869
Corno Giovine;LO;45.13317;9.75575
Corno di Rosazzo;UD;45.99682;13.44168
Cornovecchio;LO;45.13614;9.79762
Cornuda;TV;45.83183;12.00822
Correggio;RE;44.77134;10.78122
Correzzana;MB;45.66785;9.30446
Correzzola;PD;45.23530;12.06710
Corrido;CO;46.04742;9.13701
Corridonia;MC;43.24819;13.50887
Corropoli;TE;42.82761;13.83486
Corsano;LE;39.88968;18.36970
Corsico;MI;45.43185;9.10863
Corsione;AT;45.00075;8.14514
Cortaccia sulla strada del vino;BZ;46.31332;11.22355
Cortale;CZ;38.84237;16.41124
Cortandone;AT;44.95969;8.05757
Cortanze;AT;45.01523;8.08959
Cortazzone;AT;44.97954;8.06192
Corte Brugnatella;PC;44.71247;9.37972
Corte Franca;BS;45.63720;10.00698
Corte Palasio;LO;45.31328;9.56277
Corte de' Cortesi con Cignone;CR;45.27265;10.00735
Corte de' Frati;CR;45.22006;10.09696
Cortemaggiore;PC;44.99677;9.93103
Cortemilia;CN;44.58086;8.19187
Corteno Golgi;BS;46.16597;10.24224
Cortenova;LC;45.99972;9.38375
Cortenuova;BG;45.53863;9.78580
Corteolona e Genzone;PV;45.15880;9.37040
Cortiglione;AT;44.82302;8.35857
Cortina d'Ampezzo;BL;46.53666;12.13850
Cortina sulla strada del vino;BZ;46.26869;11.22259
Cortino;TE;42.62169;13.50772
Cortona;AR;43.27511;11.98506
Corvara;PE;42.27705;13.88792
Corvara in Badia;BZ;46.55291;11.87452
Corvino San Quirico;PV;45.01556;9.15892
Corzano;BS;45.44425;10.00779
Coseano;UD;46.09681;13.01869
Cosenza;CS;39.29309;16.25610
Cosio Valtellino;SO;46.13038;9.54987
Cosio d'Arroscia;IM;44.07582;7.83117
Cosoleto;RC;38.27459;15.92922
Cossano Belbo;CN;44.66906;8.19856
Cossano Canavese;TO;45.38833;7.99337
Cossato;BI;45.57010;8.18060
Cosseria;SV;44.36851;8.23446
Cossignano;AP;42.98415;13.68791
Cossogno;VB;45.96398;8.51002
Cossoine;SS;40.43143;8.71259
Cossombrato;AT;44.99412;8.13753
Costa Masnaga;LC;45.76962;9.27630
Costa Serina;BG;45.83101;9.73922
Costa Valle Imagna;BG;45.80079;9.50566
Costa Vescovato;AL;44.81821;8.92902
Costa Volpino;BG;45.82794;10.09399
Costa de' Nobili;PV;45.13242;9.37879
Costa di Mezzate;BG;45.66293;9.79446
Costa di Rovigo;RO;45.04881;11.69408
Costabissara;VI;45.58545;11.48766
Costacciaro;PG;43.35891;12.71192
Costanzana;VC;45.23620;8.37007
Costarainera;IM;43.85454;7.94124
Costermano sul Garda;VR;45.58657;10.73849
Costigliole Saluzzo;CN;44.56461;7.48494
Costigliole d'Asti;AT;44.78822;8.18063
Cotignola;RA;44.38439;11.94222
Cotronei;KR;39.18959;16.69678
Cottanello;RI;42.40618;12.68644
Courmayeur;AO;45.79305;6.97211
Covo;BG;45.50113;9.76854
Cozzo;PV;45.19212;8.61110
Craco;MT;40.35862;16.49379
Crandola Valsassina;LC;46.02218;9.38010
Cravagliana;VC;45.84735;8.20113
Cravanzana;CN;44.57316;8.12819
Craveggia;VB;46.14064;8.48979
Creazzo;VI;45.53185;11.47891
Crecchio;CH;42.29857;14.32676
Credaro;BG;45.65845;9.92901
Credera Rubbiano;CR;45.30286;9.65513
Crema;CR;45.36329;9.68736
Cremella;LC;45.73994;9.30341
Cremenaga;VA;45.98924;8.80659
Cremeno;LC;45.93337;9.47363
Cremia;CO;46.08580;9.27073
Cremolino;AL;44.63750;8.58584
Cremona;CR;45.13337;10.02421
Cremosano;CR;45.39579;9.64028
Crescentino;VC;45.19233;8.10258
Crespadoro;VI;45.61942;11.22603
Crespiatica;LO;45.35706;9.57461
Crespina Lorenzana;PI;43.57200;10.56100
Crespino;RO;44.98332;11.88645
Cressa;NO;45.64799;8.50748
Crevacuore;BI;45.68584;8.24713
Crevalcore;BO;44.72264;11.14703
Crevoladossola;VB;46.15604;8.30358
Crispano;NA;40.95261;14.28492
Crispiano;TA;40.60523;17.23103
Crissolo;CN;44.69910;7.15719
Crocefieschi;GE;44.58482;9.02282
Crocetta del Montello;TV;45.82494;12.03525
Crodo;VB;46.22346;8.32341
Crognaleto;TE;42.54772;13.47906
Cropalati;CS;39.51563;16.72606
Cropani;CZ;38.96821;16.78283
Crosia;CS;39.57011;16.76988
Crosio della Valle;VA;45.76163;8.76757
Crotone;KR;39.08037;17.12539
Crotta d'Adda;CR;45.16137;9.85253
Crova;VC;45.33004;8.21193
Croviana;TN;46.34464;10.90455
Crucoli;KR;39.42469;17.00370
Cuasso al Monte;VA;45.91440;8.87982
Cuccaro Vetere;SA;40.16404;15.30678
Cucciago;CO;45.73889;9.09150
Cuceglio;TO;45.35893;7.81484
Cuggiono;MI;45.50693;8.82157
Cugliate-Fabiasco;VA;45.94703;8.82065
Cuglieri;OR;40.18978;8.56822
Cugnoli;PE;42.30820;13.93306
Cumiana;TO;44.98280;7.37438
Cumignano sul Naviglio;CR;45.35455;9.83632
Cunardo;VA;45.93781;8.80225
Cuneo;CN;44.39330;7.55117
Cunico;AT;45.04044;8.09721
Cuorgnè;TO;45.39123;7.64892
Cupello;CH;42.07224;14.67090
Cupra Marittima;AP;43.02509;13.85902
Cupramontana;AN;43.44555;13.11567
Cura Carpignano;PV;45.21179;9.25707
Curcuris;OR;39.74636;8.83141
Cureggio;NO;45.67513;8.46136
Curiglia con Monteviasco;VA;46.06065;8.80482
Curinga;CZ;38.82892;16.31878
Curino;BI;45.62759;8.23589
Curno;BG;45.69154;9.61132
Curon Venosta;BZ;46.80669;10.54217
Cursi;LE;40.15011;18.31410
Curtarolo;PD;45.52212;11.83222
Curtatone;MN;45.13377;10.71627
Curti;CE;41.07449;14.27656
Cusago;MI;45.44667;9.03351
Cusano Milanino;MI;45.55073;9.18157
Cusano Mutri;BN;41.33756;14.50879
Cusino;CO;46.07438;9.15275
Cusio;BG;45.98943;9.60348
Custonaci;TP;38.07803;12.67554
Cutro;KR;39.03319;16.98195
Cutrofiano;LE;40.12722;18.19991
Cuveglio;VA;45.90597;8.73584
Cuvio;VA;45.89803;8.73139
Dairago;MI;45.56810;8.86616
Dalmine;BG;45.64797;9.60117
Dambel;TN;46.40491;11.09302
Danta di Cadore;BL;46.56695;12.52005
Darfo Boario Terme;BS;45.88347;10.18048
Dasà;VV;38.56537;16.19645
Davagna;GE;44.46474;9.08669
Daverio;VA;45.77711;8.77151
Davoli;CZ;38.64896;16.48682
Dazio;SO;46.16072;9.60020
Decimomannu;CA;39.31100;8.96565
Decimoputzu;SU;39.33508;8.91892
Decollatura;CZ;39.04672;16.35690
Dego;SV;44.44960;8.31038
Deiva Marina;SP;44.21886;9.52056
Delebio;SO;46.13716;9.45925
Delia;CL;37.35606;13.92763
Delianuova;RC;38.24038;15.91816
Deliceto;FG;41.22268;15.38733
Dello;BS;45.41655;10.07977
Demonte;CN;44.31526;7.29751
Denice;AL;44.59866;8.33401
Denno;TN;46.27435;11.05133
Dernice;AL;44.76760;9.05008
Derovere;CR;45.11014;10.24831
Deruta;PG;42.98224;12.41990
Dervio;LC;46.07708;9.30673
Desana;VC;45.26873;8.35745
Desenzano del Garda;BS;45.46858;10.54159
Desio;MB;45.62012;9.20883
Desulo;NU;40.01123;9.22871
Diamante;CS;39.67633;15.82176
Diano Arentino;IM;43.94800;8.04227
Diano Castello;IM;43.92418;8.06666
Diano Marina;IM;43.91003;8.08179
Diano San Pietro;IM;43.93116;8.06879
Diano d'Alba;CN;44.65139;8.02767
Dicomano;FI;43.89150;11.52362
Dignano;UD;46.08769;12.93864
Dimaro Folgarida;TN;46.32710;10.87180
Dinami;VV;38.52964;16.14770
Dipignano;CS;39.23767;16.25225
Diso;LE;40.00822;18.38717
Divignano;NO;45.66228;8.60150
Dizzasco;CO;45.94387;9.10146
Dobbiaco;BZ;46.73551;12.22020
Doberdò del Lago;GO;45.84452;13.54023
Dogliani;CN;44.53009;7.94517
Dogliola;CH;41.94192;14.63647
Dogna;UD;46.44805;13.31541
Dolceacqua;IM;43.84812;7.62347
Dolcedo;IM;43.90694;7.95178
Dolcè;VR;45.60005;10.85270
Dolegna del Collio;GO;46.03170;13.47926
Dolianova;SU;39.37561;9.17579
Dolo;VE;45.42596;12.07433
Dolzago;LC;45.76837;9.34365
Domanico;CS;39.21523;16.20735
Domaso;CO;46.15195;9.32847
Domegge di Cadore;BL;46.46030;12.41577
Domicella;AV;40.87932;14.58677
Domodossola;VB;46.11529;8.29204
Domus de Maria;SU;38.94587;8.86372
Domusnovas;SU;39.32126;8.65337
Donato;BI;45.52829;7.90758
Dongo;CO;46.12303;9.27950
Donnas;AO;45.60348;7.76744
Donori;SU;39.43253;9.12629
Dorgali;NU;40.28929;9.58812
Dorio;LC;46.10173;9.31937
Dormelletto;NO;45.73016;8.57318
Dorno;PV;45.15485;8.95195
Dorzano;BI;45.42522;8.09697
Dosolo;MN;44.95375;10.64141
Dossena;BG;45.87917;9.69696
Dosso del Liro;CO;46.16368;9.27370
Doues;AO;45.81925;7.30665
Dovadola;FC;44.12162;11.88747
Dovera;CR;45.36350;9.53820
Dozza;BO;44.35944;11.62868
Dragoni;CE;41.27340;14.30846
Drapia;VV;38.66612;15.91122
Drena;TN;45.97117;10.94460
Drenchia;UD;46.17517;13.62207
Dresano;MI;45.37387;9.36122
Dro;TN;45.96255;10.91182
Dronero;CN;44.46698;7.36332
Druento;TO;45.13473;7.57620
Druogno;VB;46.13535;8.43181
Dualchi;NU;40.23038;8.90023
Dubino;SO;46.15300;9.46088
Due Carrare;PD;45.29154;11.82090
Dueville;VI;45.63569;11.54877
Dugenta;BN;41.13519;14.45373
Duino Aurisina;TS;45.75423;13.65969
Dumenza;VA;46.02277;8.78486
Duno;VA;45.91406;8.73854
Durazzano;BN;41.06140;14.44690
Duronia;CB;41.65830;14.45882
Dusino San Michele;AT;44.92019;7.97228
Eboli;SA;40.61819;15.05445
Edolo;BS;46.17823;10.33711
Egna;BZ;46.31387;11.27283
Elice;PE;42.51869;13.96827
Elini;NU;39.90000;9.53114
Ello;LC;45.78782;9.36569
Elmas;CA;39.27089;9.04885
Elva;CN;44.53976;7.08963
Emarèse;AO;45.72470;7.70044
Empoli;FI;43.71908;10.94718
Endine Gaiano;BG;45.79019;9.97649
Enego;VI;45.93997;11.70972
Enemonzo;UD;46.41030;12.87934
Enna;EN;37.56706;14.27909
Entracque;CN;44.24076;7.39780
Entratico;BG;45.70548;9.87477
Envie;CN;44.68175;7.37219
Episcopia;PZ;40.07446;16.09814
Eraclea;VE;45.57552;12.67353
Erba;CO;45.81194;9.22318
Erbezzo;VR;45.64171;11.00056
Erbusco;BS;45.59952;9.97324
Erbè;VR;45.24246;10.96734
Erchie;BR;40.43843;17.73261
Ercolano;NA;40.80928;14.34571
Erice;TP;38.03810;12.58704
Erli;SV;44.13656;8.10533
Erto e Casso;PN;46.27889;12.37236
Erula;SS;40.79133;8.94169
Erve;LC;45.82074;9.44559
Esanatoglia;MC;43.25146;12.94617
Escalaplano;SU;39.62628;9.35509
Escolca;SU;39.69908;9.12371
Esine;BS;45.92402;10.25918
Esino Lario;LC;45.99492;9.33537
Esperia;FR;41.38519;13.68494
Esporlatu;SS;40.38598;8.99066
Este;PD;45.22792;11.65605
Esterzili;SU;39.78062;9.28523
Etroubles;AO;45.81970;7.23295
Eupilio;CO;45.81692;9.26770
Exilles;TO;45.09749;6.92962
Fabbrica Curone;AL;44.75483;9.15418
Fabbriche di Vergemoli;LU;43.99730;10.42750
Fabbrico;RE;44.87160;10.80950
Fabriano;AN;43.33627;12.90472
Fabrica di Roma;VT;42.33473;12.29518
Fabrizia;VV;38.48358;16.30309
Fabro;TR;42.86345;12.01294
Faedis;UD;46.15244;13.34411
Faedo Valtellino;SO;46.15308;9.90633
Faenza;RA;44.28544;11.88280
Faeto;FG;41.32324;15.16122
Fagagna;UD;46.11326;13.08394
Faggeto Lario;CO;45.85808;9.15984
Faggiano;TA;40.42158;17.38860
Fagnano Alto;AQ;42.25372;13.57499
Fagnano Castello;CS;39.56116;16.05445
Fagnano Olona;VA;45.66960;8.87411
Fai della Paganella;TN;46.17838;11.06956
Faicchio;BN;41.27840;14.47949
Falcade;BL;46.35827;11.87276
Falciano del Massico;CE;41.16755;13.94886
Falconara Albanese;CS;39.27438;16.08828
Falconara Marittima;AN;43.62329;13.39393
Falcone;ME;38.11643;15.08229
Faleria;VT;42.22625;12.44319
Falerna;CZ;39.00219;16.16835
Falerone;FM;43.10784;13.47391
Fallo;CH;41.93897;14.32239
Faloppio;CO;45.81217;8.96320
Falvaterra;FR;41.50386;13.52259
Falzes;BZ;46.81175;11.88265
Fanano;MO;44.20740;10.79514
Fanna;PN;46.18767;12.75427
Fano;PU;43.84340;13.01966
Fano Adriano;TE;42.55134;13.53702
Fara Filiorum Petri;CH;42.24897;14.18612
Fara Gera d'Adda;BG;45.55086;9.53075
Fara Novarese;NO;45.55512;8.45911
Fara Olivana con Sola;BG;45.49516;9.74974
Fara San Martino;CH;42.09025;14.20545
Fara Vicentino;VI;45.74045;11.54623
Fara in Sabina;RI;42.20953;12.72925
Fardella;PZ;40.11411;16.16671
Farigliano;CN;44.51170;7.91702
Farindola;PE;42.44156;13.82197
Farini;PC;44.71334;9.57071
Farnese;VT;42.55018;11.72450
Farra d'Isonzo;GO;45.90713;13.51794
Farra di Soligo;TV;45.90543;12.12658
Fasano;BR;40.83440;17.35899
Fascia;GE;44.56449;9.23627
Fauglia;PI;43.56700;10.51604
Faule;CN;44.80543;7.58066
Favale di Malvaro;GE;44.45204;9.25803
Favara;AG;37.31071;13.65646
Favignana;TP;37.93178;12.32724
Favria;TO;45.33285;7.68801
Feisoglio;CN;44.54336;8.10418
Feletto;TO;45.30549;7.74711
Felino;PR;44.69552;10.24072
Felitto;SA;40.37070;15.24796
Felizzano;AL;44.89804;8.43580
Feltre;BL;46.01783;11.90991
Fenegrò;CO;45.70160;9.00273
Fenestrelle;TO;45.03430;7.05189
Ferentillo;TR;42.62053;12.78987
Ferentino;FR;41.69232;13.25285
Ferla;SR;37.11861;14.94147
Fermignano;PU;43.67649;12.64528
Fermo;FM;43.16059;13.71840
Ferno;VA;45.61027;8.75885
Feroleto Antico;CZ;38.96177;16.38742
Feroleto della Chiesa;RC;38.46609;16.07012
Ferrandina;MT;40.49291;16.45683
Ferrara;FE;44.83599;11.61869
Ferrara di Monte Baldo;VR;45.67567;10.85428
Ferrazzano;CB;41.53066;14.67095
Ferrera Erbognone;PV;45.11329;8.86377
Ferrera di Varese;VA;45.93233;8.78818
Ferrere;AT;44.87340;7.99386
Ferriere;PC;44.64567;9.49808
Ferruzzano;RC;38.03934;16.08765
Fiamignano;RI;42.26482;13.12551
Fiano;TO;45.21812;7.51978
Fiano Romano;RM;42.17200;12.59244
Fiastra;MC;43.03680;13.15650
Fiavè;TN;46.00481;10.84202
Ficarazzi;PA;38.08835;13.46321
Ficarolo;RO;44.95198;11.43256
Ficarra;ME;38.11042;14.82748
Ficulle;TR;42.83632;12.06634
Fidenza;PR;44.86709;10.06141
Fierozzo;TN;46.11178;11.31824
Fiesco;CR;45.33640;9.77855
Fiesole;FI;43.80686;11.29318
Fiesse;BS;45.23334;10.32170
Fiesso Umbertiano;RO;44.96176;11.60785
Fiesso d'Artico;VE;45.41658;12.03081
Figino Serenza;CO;45.71163;9.12719
Figline Vegliaturo;CS;39.22605;16.32940
Figline e Incisa Valdarno;FI;43.62910;11.44490
Filacciano;RM;42.25518;12.59771
Filadelfia;VV;38.78356;16.29343
Filago;BG;45.63627;9.55385
Filandari;VV;38.61541;16.03138
Filattiera;MS;44.33128;9.93688
Filettino;FR;41.89024;13.32412
Filetto;CH;42.22593;14.24429
Filiano;PZ;40.80923;15.70685
Filighera;PV;45.17734;9.31407
Filignano;IS;41.54512;14.05631
Filogaso;VV;38.68092;16.23087
Filottrano;AN;43.43568;13.35128
Finale Emilia;MO;44.83221;11.29573
Finale Ligure;SV;44.16902;8.34360
Fino Mornasco;CO;45.74612;9.04858
Fino del Monte;BG;45.89045;9.99215
Fiorano Canavese;TO;45.46757;7.82898
Fiorano Modenese;MO;44.53909;10.81142
Fiorano al Serio;BG;45.79948;9.84166
Fiorenzuola d'Arda;PC;44.92865;9.90753
Firenze;FI;43.76923;11.25589
Firenzuola;FI;44.11760;11.37883
Firmo;CS;39.72208;16.17834
Fiscaglia;FE;44.79880;11.97540
Fisciano;SA;40.77147;14.79915
Fiuggi;FR;41.80426;13.22125
Fiumalbo;MO;44.17952;10.64740
Fiumara;RC;38.21087;15.69217
Fiume Veneto;PN;45.92802;12.73687
Fiumedinisi;ME;38.02503;15.38231
Fiumefreddo Bruzio;CS;39.23589;16.06635
Fiumefreddo di Sicilia;CT;37.79293;15.20820
Fiumicino;RM;41.77221;12.23687
Fiuminata;MC;43.18864;12.93168
Fivizzano;MS;44.23706;10.12283
Fiè allo Sciliar;BZ;46.51754;11.50140
Flaibano;UD;46.06005;12.98114
Flero;BS;45.48236;10.17589
Floresta;ME;37.98770;14.90945
Floridia;SR;37.08211;15.15289
Florinas;SS;40.64793;8.66570
Flumeri;AV;41.07341;15.15352
Fluminimaggiore;SU;39.43640;8.49787
Flussio;OR;40.26709;8.54152
Fobello;VC;45.88956;8.15892
Foggia;FG;41.46227;15.54305
Foglianise;BN;41.15697;14.67156
Fogliano Redipuglia;GO;45.86653;13.48098
Foglizzo;TO;45.27202;7.82318
Foiano della Chiana;AR;43.25249;11.81847
Foiano di Val Fortore;BN;41.35245;14.97403
Folgaria;TN;45.91663;11.17014
Folignano;AP;42.82104;13.63258
Foligno;PG;42.95570;12.70359
Follina;TV;45.95281;12.11895
Follo;SP;44.16271;9.86215
Follonica;GR;42.92260;10.75988
Fombio;LO;45.13679;9.68360
Fondachelli-Fantina;ME;37.98598;15.17308
Fondi;LT;41.35691;13.42991
Fonni;NU;40.12003;9.25241
Fontainemore;AO;45.64900;7.86097
Fontana Liri;FR;41.61107;13.54995
Fontanafredda;PN;45.98891;12.54780
Fontanarosa;AV;41.02041;15.02052
Fontanelice;BO;44.25746;11.55837
Fontanella;BG;45.47222;9.80045
Fontanellato;PR;44.88246;10.17342
Fontanelle;TV;45.83092;12.46824
Fontaneto d'Agogna;NO;45.63986;8.48458
Fontanetto Po;VC;45.19340;8.19172
Fontanigorda;GE;44.54656;9.30495
Fontanile;AT;44.75338;8.42219
Fontaniva;PD;45.63638;11.75286
Fonte;TV;45.78794;11.86728
Fonte Nuova;RM;41.99627;12.61887
Fontecchio;AQ;42.23164;13.60659
Fontechiari;FR;41.67003;13.67655
Fontegreca;CE;41.45653;14.18385
Fonteno;BG;45.75786;10.01922
Fontevivo;PR;44.85643;10.17538
Fonzaso;BL;46.01780;11.79960
Foppolo;BG;46.04394;9.75498
Forano;RI;42.29791;12.59503
Force;AP;42.96300;13.49105
Forchia;BN;41.03021;14.53684
Forcola;SO;46.15823;9.66107
Fordongianus;OR;39.99492;8.80797
Forenza;PZ;40.85937;15.85714
Foresto Sparso;BG;45.69511;9.91368
Forgaria nel Friuli;UD;46.22399;12.96820
Forino;AV;40.86174;14.73717
Forio;NA;40.73779;13.85726
Forlimpopoli;FC;44.18723;12.12664
Forlì;FC;44.22269;12.04069
Forlì del Sannio;IS;41.69525;14.18119
Formazza;VB;46.37673;8.42673
Formello;RM;42.08022;12.40085
Formia;LT;41.25569;13.60593
Formicola;CE;41.21072;14.23299
Formigara;CR;45.22306;9.77074
Formigine;MO;44.57598;10.84019
Formigliana;VC;45.42878;8.29291
Fornace;TN;46.11723;11.20580
Fornelli;IS;41.60635;14.14095
Forni Avoltri;UD;46.58518;12.77691
Forni di Sopra;UD;46.42382;12.57846
Forni di Sotto;UD;46.39363;12.67181
Forno Canavese;TO;45.34684;7.58678
Fornovo San Giovanni;BG;45.49615;9.67510
Fornovo di Taro;PR;44.68926;10.09873
Forte dei Marmi;LU;43.96018;10.16671
Fortezza;BZ;46.78645;11.61256
Fortunago;PV;44.92160;9.18469
Forza d'Agrò;ME;37.91411;15.33513
Fosciandora;LU;44.11524;10.45541
Fosdinovo;MS;44.13438;10.01906
Fossa;AQ;42.29330;13.48782
Fossacesia;CH;42.24538;14.48006
Fossalta di Piave;VE;45.64583;12.51122
Fossalta di Portogruaro;VE;45.79293;12.90745
Fossalto;CB;41.67319;14.54519
Fossano;CN;44.54940;7.72487
Fossato Serralta;CZ;38.99573;16.57984
Fossato di Vico;PG;43.29434;12.76165
Fossombrone;PU;43.68885;12.80571
Fossò;VE;45.38586;12.04802
Foza;VI;45.89625;11.63076
Frabosa Soprana;CN;44.28747;7.80709
Frabosa Sottana;CN;44.30203;7.79831
Fraconalto;AL;44.59216;8.87796
Fragagnano;TA;40.43190;17.47455
Fragneto Monforte;BN;41.24634;14.76342
Fragneto l'Abate;BN;41.25561;14.78200
Fraine;CH;41.90476;14.48694
Framura;SP;44.20892;9.55436
Francavilla Angitola;VV;38.77802;16.27067
Francavilla Bisio;AL;44.73589;8.73166
Francavilla Fontana;BR;40.53288;17.58338
Francavilla Marittima;CS;39.81978;16.38751
Francavilla al Mare;CH;42.41767;14.29182
Francavilla d'Ete;FM;43.19100;13.53995
Francavilla di Sicilia;ME;37.90125;15.13614
Francavilla in Sinni;PZ;40.08168;16.20324
Francica;VV;38.61831;16.10169
Francofonte;SR;37.23078;14.88013
Francolise;CE;41.18522;14.05619
Frascaro;AL;44.82711;8.53265
Frascarolo;PV;45.04690;8.68280
Frascati;RM;41.80599;12.68079
Frascineto;CS;39.83697;16.26281
Frassilongo;TN;46.08566;11.29212
Frassinelle Polesine;RO;44.99672;11.69770
Frassinello Monferrato;AL;45.03151;8.38661
Frassineto Po;AL;45.13402;8.53610
Frassinetto;TO;45.43603;7.60568
Frassino;CN;44.57136;7.27564
Frassinoro;MO;44.29537;10.57313
Frasso Sabino;RI;42.22967;12.80531
Frasso Telesino;BN;41.15753;14.52740
Fratta Polesine;RO;45.03169;11.64100
Fratta Todina;PG;42.85754;12.36643
Frattamaggiore;NA;40.94120;14.27258
Frattaminore;NA;40.95565;14.27090
Fratte Rosa;PU;43.63196;12.90097
Frazzanò;ME;38.07234;14.74475
Fregona;TV;46.00747;12.33942
Fresagrandinaria;CH;41.97558;14.66316
Fresonara;AL;44.78274;8.68484
Frigento;AV;41.01199;15.09769
Frignano;CE;40.99497;14.17950
Frinco;AT;45.00559;8.17537
Frisa;CH;42.26097;14.37062
Frisanco;PN;46.21259;12.72383
Front;TO;45.27955;7.66560
Frontino;PU;43.76458;12.37744
Frontone;PU;43.51462;12.73891
Frosinone;FR;41.63965;13.35117
Frosolone;IS;41.60154;14.44913
Frossasco;TO;44.93362;7.35077
Frugarolo;AL;44.83899;8.67906
Fubine Monferrato;AL;44.96556;8.42541
Fucecchio;FI;43.72861;10.81009
Fuipiano Valle Imagna;BG;45.85710;9.52497
Fumane;VR;45.54317;10.88211
Fumone;FR;41.72795;13.28946
Funes;BZ;46.64227;11.68057
Furci;CH;42.00849;14.58655
Furci Siculo;ME;37.96090;15.37997
Furnari;ME;38.10475;15.12549
Furore;SA;40.62023;14.55018
Furtei;SU;39.56298;8.94390
Fuscaldo;CS;39.41626;16.03135
Fusignano;RA;44.46802;11.95930
Fusine;SO;46.14947;9.75011
Futani;SA;40.15156;15.32366
Fénis;AO;45.73610;7.49430
Gabbioneta-Binanuova;CR;45.21582;10.22168
Gabiano;AL;45.15894;8.19315
Gabicce Mare;PU;43.96659;12.75648
Gaby;AO;45.71286;7.88235
Gadesco-Pieve Delmona;CR;45.15530;10.11603
Gadoni;NU;39.91271;9.18309
Gaeta;LT;41.21336;13.57196
Gaggi;ME;37.86086;15.22056
Gaggiano;MI;45.40572;9.03452
Gaggio Montano;BO;44.19900;10.93625
Gaglianico;BI;45.53940;8.07472
Gagliano Aterno;AQ;42.12626;13.70086
Gagliano Castelferrato;EN;37.71032;14.53558
Gagliano del Capo;LE;39.84653;18.36948
Gagliato;CZ;38.67682;16.46351
Gagliole;MC;43.23946;13.06808
Gaiarine;TV;45.88046;12.48168
Gaiba;RO;44.94830;11.48160
Gaiola;CN;44.33525;7.40676
Gaiole in Chianti;SI;43.46876;11.43348
Gairo;NU;39.84763;9.50619
Gais;BZ;46.83528;11.94773
Galati Mamertino;ME;38.03303;14.77102
Galatina;LE;40.17396;18.17228
Galatone;LE;40.14845;18.07168
Galatro;RC;38.46027;16.10849
Galbiate;LC;45.81435;9.37444
Galeata;FC;43.99642;11.91037
Galgagnano;LO;45.35788;9.44296
Gallarate;VA;45.66018;8.79330
Gallese;VT;42.37241;12.40449
Galliate;NO;45.47770;8.69527
Galliate Lombardo;VA;45.78629;8.76853
Galliavola;PV;45.09718;8.81863
Gallicano;LU;44.06047;10.43566
Gallicano nel Lazio;RM;41.87004;12.82256
Gallicchio;PZ;40.28892;16.13855
Galliera;BO;44.74474;11.43594
Galliera Veneta;PD;45.66282;11.82945
Gallinaro;FR;41.65778;13.79864
Gallio;VI;45.89237;11.54916
Gallipoli;LE;40.05318;17.97423
Gallo Matese;CE;41.46499;14.22519
Gallodoro;ME;37.90168;15.29382
Galluccio;CE;41.34148;13.95613
Galtellì;NU;40.38663;9.61671
Galzignano Terme;PD;45.30858;11.72825
Gamalero;AL;44.80892;8.54305
Gambara;BS;45.25386;10.29779
Gambarana;PV;45.02873;8.76280
Gambasca;CN;44.62937;7.34741
Gambassi Terme;FI;43.53862;10.95316
Gambatesa;CB;41.50927;14.91403
Gambellara;VI;45.46025;11.34145
Gamberale;CH;41.90547;14.20754
Gambettola;FC;44.12001;12.33907
Gambolò;PV;45.24980;8.86159
Gambugliano;VI;45.58871;11.44008
Gandellino;BG;45.99066;9.94595
Gandino;BG;45.81129;9.90400
Gandosso;BG;45.66236;9.88990
Gangi;PA;37.79815;14.20525
Garaguso;MT;40.54882;16.22717
Garbagna;AL;44.78094;8.99904
Garbagna Novarese;NO;45.38665;8.65968
Garbagnate Milanese;MI;45.57561;9.07749
Garbagnate Monastero;LC;45.77238;9.30267
Garda;VR;45.57497;10.70702
Gardone Riviera;BS;45.62009;10.55799
Gardone Val Trompia;BS;45.68909;10.18222
Garessio;CN;44.19729;8.02988
Gargallo;NO;45.72750;8.42922
Gargazzone;BZ;46.58472;11.20132
Gargnano;BS;45.68981;10.65994
Garlasco;PV;45.19638;8.92354
Garlate;LC;45.80427;9.40409
Garlenda;SV;44.03360;8.09680
Garniga Terme;TN;46.00483;11.08589
Garzeno;CO;46.13409;9.24986
Garzigliana;TO;44.83678;7.37473
Gasperina;CZ;38.73926;16.50959
Gassino Torinese;TO;45.12745;7.82490
Gattatico;RE;44.80623;10.47375
Gatteo;FC;44.10962;12.38611
Gattinara;VC;45.61734;8.37128
Gavardo;BS;45.58673;10.43468
Gavello;RO;45.02151;11.91424
Gaverina Terme;BG;45.75834;9.88616
Gavi;AL;44.68830;8.80361
Gavignano;RM;41.69808;13.05260
Gavirate;VA;45.84113;8.72477
Gavoi;NU;40.15880;9.19498
Gavorrano;GR;42.92519;10.90568
Gazoldo degli Ippoliti;MN;45.19989;10.57958
Gazzada Schianno;VA;45.78025;8.82558
Gazzaniga;BG;45.79743;9.83573
Gazzo;PD;45.58228;11.70734
Gazzo Veronese;VR;45.14250;11.10362
Gazzola;PC;44.95930;9.54713
Gazzuolo;MN;45.06885;10.58185
Gela;CL;37.06545;14.25035
Gemmano;RN;43.90433;12.58283
Gemona del Friuli;UD;46.27701;13.13974
Gemonio;VA;45.87742;8.67885
Genazzano;RM;41.83172;12.97235
Genga;AN;43.42960;12.93510
Genivolta;CR;45.33487;9.87778
Genola;CN;44.58769;7.66273
Genoni;SU;39.79450;9.00985
Genova;GE;44.41149;8.93270
Genuri;SU;39.74280;8.92316
Genzano di Lucania;PZ;40.85036;16.03154
Genzano di Roma;RM;41.70690;12.69132
Gera Lario;CO;46.17063;9.37110
Gerace;RC;38.27160;16.21816
Geraci Siculo;PA;37.85899;14.15415
Gerano;RM;41.93382;12.99397
Gerenzago;PV;45.20356;9.36220
Gerenzano;VA;45.63844;8.99858
Gergei;SU;39.69955;9.10176
Germagnano;TO;45.26218;7.46686
Germagno;VB;45.89248;8.38796
Germignaga;VA;45.99340;8.72680
Gerocarne;VV;38.58715;16.22069
Gerola Alta;SO;46.06003;9.55023
Gerre de' Caprioli;CR;45.10681;10.03838
Gesico;SU;39.61514;9.10637
Gessate;MI;45.55549;9.43675
Gessopalena;CH;42.05635;14.27375
Gesturi;SU;39.73325;9.02280
Gesualdo;AV;41.00659;15.07043
Ghedi;BS;45.40220;10.27693
Ghemme;NO;45.59781;8.42009
Ghiffa;VB;45.95635;8.61707
Ghilarza;OR;40.12146;8.83469
Ghisalba;BG;45.59162;9.75444
Ghislarengo;VC;45.52932;8.38432
Giacciano con Baruchella;RO;45.06536;11.45064
Giaglione;TO;45.13969;7.01414
Gianico;BS;45.86531;10.18397
Giano Vetusto;CE;41.20408;14.19311
Giano dell'Umbria;PG;42.83371;12.57718
Giardinello;PA;38.08861;13.15678
Giardini-Naxos;ME;37.84023;15.27742
Giarole;AL;45.06065;8.56786
Giarratana;RG;37.04828;14.79303
Giarre;CT;37.73004;15.18450
Giave;SS;40.45202;8.75054
Giaveno;TO;45.04475;7.35309
Giavera del Montello;TV;45.79379;12.16929
Giba;SU;39.07134;8.63609
Gibellina;TP;37.80994;12.86982
Gifflenga;BI;45.49328;8.23164
Giffone;RC;38.43887;16.15000
Giffoni Sei Casali;SA;40.71885;14.90366
Giffoni Valle Piana;SA;40.71750;14.94331
Gignese;VB;45.86057;8.50989
Gignod;AO;45.77825;7.29618
Gildone;CB;41.50953;14.74023
Gimigliano;CZ;38.97544;16.52912
Ginestra;PZ;40.93049;15.73408
Ginestra degli Schiavoni;BN;41.27943;15.04238
Ginosa;TA;40.57761;16.75757
Gioi;SA;40.28989;15.21751
Gioia Sannitica;CE;41.29965;14.44381
Gioia Tauro;RC;38.42988;15.89730
Gioia dei Marsi;AQ;41.95423;13.69322
Gioia del Colle;BA;40.80069;16.92407
Gioiosa Ionica;RC;38.33632;16.30252
Gioiosa Marea;ME;38.17199;14.89284
Giove;TR;42.50929;12.32505
Giovinazzo;BA;41.18811;16.67262
Giovo;TN;46.15683;11.15168
Girasole;NU;39.95337;9.66135
Girifalco;CZ;38.82241;16.42555
Gissi;CH;42.02082;14.54653
Giuggianello;LE;40.09395;18.36869
Giugliano in Campania;NA;40.92833;14.20109
Giuliana;PA;37.67427;13.23787
Giuliano Teatino;CH;42.29314;14.27543
Giuliano di Roma;FR;41.53983;13.27971
Giulianova;TE;42.75266;13.95672
Giungano;SA;40.39450;15.10792
Giurdignano;LE;40.12374;18.43113
Giussago;PV;45.28429;9.13994
Giussano;MB;45.69142;9.20493
Giustenice;SV;44.17233;8.24622
Giustino;TN;46.14878;10.76848
Giusvalla;SV;44.44948;8.39373
Givoletto;TO;45.15878;7.49677
Gizzeria;CZ;38.97907;16.20812
Glorenza;BZ;46.67117;10.55568
Godega di Sant'Urbano;TV;45.93173;12.39780
Godiasco Salice Terme;PV;44.89757;9.05797
Godrano;PA;37.90304;13.42862
Goito;MN;45.25522;10.67547
Golasecca;VA;45.69686;8.65510
Golferenzo;PV;44.96176;9.30697
Golfo Aranci;SS;41.00152;9.62237
Gombito;CR;45.26223;9.73002
Gonars;UD;45.89657;13.23508
Goni;SU;39.57811;9.28645
Gonnesa;SU;39.26515;8.47142
Gonnoscodina;OR;39.70069;8.83584
Gonnosfanadiga;SU;39.49340;8.66171
Gonnosnò;OR;39.76003;8.87191
Gonnostramatza;OR;39.68011;8.83143
Gonzaga;MN;44.95475;10.82119
Gordona;SO;46.29169;9.36859
Gorga;RM;41.65594;13.11079
Gorgo al Monticano;TV;45.78547;12.55434
Gorgoglione;MT;40.39461;16.14311
Gorgonzola;MI;45.53026;9.40541
Goriano Sicoli;AQ;42.07983;13.77339
Gorizia;GO;45.94150;13.62213
Gorla Maggiore;VA;45.66609;8.89352
Gorla Minore;VA;45.64326;8.89651
Gorlago;BG;45.67653;9.82917
Gorle;BG;45.70243;9.71878
Gornate Olona;VA;45.73775;8.85910
Gorno;BG;45.86280;9.84340
Goro;FE;44.85382;12.30276
Gorreto;GE;44.60497;9.29209
Gorzegno;CN;44.51186;8.13512
Gosaldo;BL;46.22055;11.95622
Gossolengo;PC;45.00441;9.61405
Gottasecca;CN;44.46170;8.16725
Gottolengo;BS;45.29173;10.27152
Govone;CN;44.80486;8.09996
Gozzano;NO;45.74756;8.43465
Gradara;PU;43.94078;12.77300
Gradisca d'Isonzo;GO;45.88889;13.50376
Grado;GO;45.67547;13.38647
Gradoli;VT;42.64374;11.85609
Graffignana;LO;45.21132;9.45327
Graffignano;VT;42.57319;12.20480
Graglia;BI;45.55789;7.98112
Gragnano;NA;40.68983;14.52098
Gragnano Trebbiense;PC;45.01213;9.56912
Grammichele;CT;37.21501;14.63724
Grana;AT;44.99805;8.29912
Granarolo dell'Emilia;BO;44.55342;11.44770
Grandate;CO;45.77389;9.05830
Grandola ed Uniti;CO;46.03132;9.20713
Graniti;ME;37.89133;15.22671
Granozzo con Monticello;NO;45.36014;8.57414
Grantola;VA;45.94961;8.77077
Grantorto;PD;45.59928;11.73106
Granze;PD;45.15431;11.71328
Grassano;MT;40.63354;16.28428
Grassobbio;BG;45.65484;9.72770
Gratteri;PA;37.96731;13.97307
Gravedona ed Uniti;CO;46.14811;9.30623
Gravellona Lomellina;PV;45.32885;8.76400
Gravellona Toce;VB;45.92759;8.43142
Gravere;TO;45.12392;7.02107
Gravina di Catania;CT;37.56058;15.06213
Gravina in Puglia;BA;40.81941;16.41621
Grazzanise;CE;41.09020;14.09823
Grazzano Badoglio;AT;45.03892;8.31356
Greccio;RI;42.45369;12.76910
Greci;AV;41.24966;15.16973
Greggio;VC;45.45180;8.38248
Gremiasco;AL;44.79705;9.10474
Gressan;AO;45.72162;7.28944
Gressoney-La-Trinité;AO;45.82724;7.82309
Gressoney-Saint-Jean;AO;45.77700;7.82759
Greve in Chianti;FI;43.58325;11.31716
Grezzago;MI;45.59198;9.49442
Grezzana;VR;45.54637;11.04763
Griante;CO;45.99694;9.23501
Gricignano di Aversa;CE;40.98152;14.23286
Grignasco;NO;45.68190;8.33971
Grigno;TN;46.01718;11.63562
Grimacco;UD;46.15642;13.59339
Grimaldi;CS;39.13972;16.23468
Grinzane Cavour;CN;44.65654;7.98221
Grisignano di Zocco;VI;45.47536;11.69882
Grisolia;CS;39.72645;15.85376
Grizzana Morandi;BO;44.25551;11.15075
Grognardo;AL;44.62994;8.49151
Gromo;BG;45.97039;9.92990
Grondona;AL;44.69720;8.96254
Grone;BG;45.72721;9.90882
Grontardo;CR;45.20140;10.15162
Gropello Cairoli;PV;45.17718;8.99215
Gropparello;PC;44.83228;9.73033
Groscavallo;TO;45.36895;7.28230
Grosio;SO;46.29730;10.27572
Grosotto;SO;46.27878;10.25713
Grosseto;GR;42.76027;11.11356
Grosso;TO;45.25637;7.55663
Grottaferrata;RM;41.78846;12.66773
Grottaglie;TA;40.53345;17.42624
Grottaminarda;AV;41.07097;15.06010
Grottammare;AP;42.98846;13.86834
Grottazzolina;FM;43.11100;13.60101
Grotte;AG;37.40255;13.69918
Grotte di Castro;VT;42.67395;11.87024
Grotteria;RC;38.36846;16.26520
Grottole;MT;40.60201;16.37666
Grottolella;AV;40.97233;14.78616
Gruaro;VE;45.83072;12.84003
Grugliasco;TO;45.06211;7.57780
Grumello Cremonese ed Uniti;CR;45.19325;9.86736
Grumello del Monte;BG;45.63402;9.86977
Grumento Nova;PZ;40.28241;15.88806
Grumo Appula;BA;41.01221;16.71065
Grumo Nevano;NA;40.93825;14.25975
Grumolo delle Abbadesse;VI;45.51623;11.65898
Guagnano;LE;40.40343;17.94936
Gualdo;MC;43.06736;13.33794
Gualdo Cattaneo;PG;42.90919;12.55584
Gualdo Tadino;PG;43.23095;12.78483
Gualtieri;RE;44.90496;10.62949
Gualtieri Sicaminò;ME;38.16307;15.31676
Guamaggiore;SU;39.56679;9.07354
Guanzate;CO;45.72431;9.01095
Guarcino;FR;41.79952;13.31390
Guarda Veneta;RO;44.97979;11.80264
Guardabosone;VC;45.70094;8.25032
Guardamiglio;LO;45.10906;9.68131
Guardavalle;CZ;38.50590;16.50627
Guardea;TR;42.62353;12.29724
Guardia Lombardi;AV;40.95466;15.20765
Guardia Perticara;PZ;40.36358;16.09803
Guardia Piemontese;CS;39.46520;15.99969
Guardia Sanframondi;BN;41.25652;14.60001
Guardiagrele;CH;42.19114;14.22021
Guardialfiera;CB;41.80251;14.79330
Guardiaregia;CB;41.43521;14.54138
Guardistallo;PI;43.31333;10.63299
Guarene;CN;44.73780;8.03367
Guasila;SU;39.56156;9.04555
Guastalla;RE;44.92240;10.65404
Guazzora;AL;45.01360;8.84491
Gubbio;PG;43.35352;12.57876
Gudo Visconti;MI;45.37320;8.99925
Guglionesi;CB;41.91070;14.91394
Guidizzolo;MN;45.31803;10.58353
Guidonia Montecelio;RM;42.00008;12.72639
Guiglia;MO;44.42798;10.95727
Guilmi;CH;41.99703;14.47597
Gurro;VB;46.08596;8.57011
Guspini;SU;39.53862;8.62723
Gussago;BS;45.59242;10.15315
Gussola;CR;45.00988;10.34636
Hône;AO;45.61186;7.73573
Idro;BS;45.73702;10.47401
Iglesias;SU;39.30993;8.53147
Igliano;CN;44.44353;8.01250
Ilbono;NU;39.89374;9.54178
Illasi;VR;45.46593;11.18419
Illorai;SS;40.35444;9.00211
Imbersago;LC;45.70529;9.44461
Imer;TN;46.15109;11.79680
Imola;BO;44.35307;11.71416
Imperia;IM;43.88571;8.02785
Impruneta;FI;43.68574;11.25441
Inarzo;VA;45.78678;8.73643
Incisa Scapaccino;AT;44.80840;8.38095
Incudine;BS;46.22211;10.35819
Induno Olona;VA;45.85197;8.83857
Ingria;TO;45.46629;7.57086
Intragna;VB;45.99530;8.57634
Introbio;LC;45.97631;9.45180
Introd;AO;45.69147;7.18722
Introdacqua;AQ;42.00769;13.89919
Inverigo;CO;45.73293;9.21494
Inverno e Monteleone;PV;45.19858;9.38426
Inverso Pinasca;TO;44.94723;7.21596
Inveruno;MI;45.51294;8.85360
Invorio;NO;45.75591;8.48674
Inzago;MI;45.54115;9.48225
Ionadi;VV;38.62782;16.05445
Irgoli;NU;40.40932;9.63053
Irma;BS;45.77120;10.28385
Irsina;MT;40.74569;16.24315
Isasca;CN;44.58729;7.38155
Isca sullo Ionio;CZ;38.60056;16.51898
Ischia;NA;40.74143;13.94133
Ischia di Castro;VT;42.54417;11.75781
Ischitella;FG;41.90431;15.89974
Iseo;BS;45.65983;10.05004
Isera;TN;45.88708;11.00835
Isernia;IS;41.58801;14.22575
Isili;SU;39.74181;9.10666
Isnello;PA;37.94398;14.00607
Isola Dovarese;CR;45.17346;10.31184
Isola Rizza;VR;45.29144;11.19871
Isola Sant'Antonio;AL;45.03087;8.85041
Isola Vicentina;VI;45.62964;11.44151
Isola d'Asti;AT;44.82948;8.17721
Isola del Cantone;GE;44.64585;8.95597
Isola del Giglio;GR;42.36571;10.90090
Isola del Gran Sasso d'Italia;TE;42.50254;13.66201
Isola del Liri;FR;41.67842;13.57497
Isola del Piano;PU;43.73716;12.78293
Isola della Scala;VR;45.27366;11.00754
Isola delle Femmine;PA;38.20059;13.24621
Isola di Capo Rizzuto;KR;38.95903;17.09565
Isola di Fondra;BG;45.98079;9.74751
Isolabella;TO;44.90664;7.90927
Isolabona;IM;43.87999;7.63886
Isole Tremiti;FG;42.12042;15.50437
Isorella;BS;45.30756;10.31666
Ispani;SA;40.08578;15.56175
Ispica;RG;36.78618;14.90352
Ispra;VA;45.81617;8.61027
Issiglio;TO;45.44681;7.75416
Issime;AO;45.68545;7.85422
Isso;BG;45.47630;9.75897
Issogne;AO;45.65395;7.68442
Istrana;TV;45.67767;12.10328
Itala;ME;38.05061;15.43732
Itri;LT;41.29092;13.53126
Ittireddu;SS;40.54399;8.90206
Ittiri;SS;40.59414;8.56881
Ivrea;TO;45.46619;7.87597
Izano;CR;45.35573;9.75509
Jacurso;CZ;38.84737;16.37859
Jelsi;CB;41.51841;14.79610
Jenne;RM;41.88747;13.16781
Jerago con Orago;VA;45.70525;8.79254
Jerzu;NU;39.79284;9.51852
Jesi;AN;43.52282;13.24383
Jesolo;VE;45.53350;12.63646
Jolanda di Savoia;FE;44.88615;11.97451
Joppolo;VV;38.58391;15.89747
Joppolo Giancaxio;AG;37.38775;13.55410
Jovençan;AO;45.71396;7.27498
L'Aquila;AQ;42.35122;13.39844
La Cassa;TO;45.18182;7.51913
La Loggia;TO;44.95668;7.66771
La Maddalena;SS;41.21292;9.40661
La Magdeleine;AO;45.81080;7.61910
La Morra;CN;44.63735;7.93346
La Salle;AO;45.74689;7.07260
La Spezia;SP;44.10705;9.82819
La Thuile;AO;45.71683;6.94907
La Valle;BZ;46.65662;11.92581
La Valle Agordina;BL;46.28216;12.06810
La Valletta Brianza;LC;45.73860;9.36410
Labico;RM;41.78563;12.88607
Labro;RI;42.52577;12.80017
Lacchiarella;MI;45.32118;9.13737
Lacco Ameno;NA;40.75452;13.88439
Lacedonia;AV;41.04945;15.42476
Laces;BZ;46.61764;10.85947
Laconi;OR;39.85394;9.05224
Ladispoli;RM;41.95488;12.06999
Laerru;SS;40.81825;8.83598
Laganadi;RC;38.17444;15.74196
Laghi;VI;45.82422;11.27324
Laglio;CO;45.88352;9.14007
Lagnasco;CN;44.62466;7.55534
Lago;CS;39.16655;16.14910
Lagonegro;PZ;40.12255;15.76315
Lagosanto;FE;44.76541;12.14100
Lagundo;BZ;46.67754;11.11776
Laigueglia;SV;43.97462;8.15814
Lainate;MI;45.57146;9.02714
Laino;CO;45.98330;9.07386
Laino Borgo;CS;39.95478;15.97230
Laino Castello;CS;39.93445;15.97444
Laion;BZ;46.60876;11.56460
Laives;BZ;46.42649;11.33847
Lajatico;PI;43.47508;10.72851
Lallio;BG;45.66732;9.62688
Lama Mocogno;MO;44.30831;10.73062
Lama dei Peligni;CH;42.04248;14.18876
Lambrugo;CO;45.75847;9.24151
Lamezia Terme;CZ;38.97522;16.31939
Lamon;BL;46.04727;11.74863
Lampedusa e Linosa;AG;35.50196;12.60984
Lamporecchio;PT;43.81697;10.89679
Lamporo;VC;45.23008;8.09755
Lana;BZ;46.61611;11.14529
Lanciano;CH;42.23133;14.39041
Landiona;NO;45.49691;8.42217
Landriano;PV;45.31128;9.25959
Langhirano;PR;44.61445;10.26642
Langosco;PV;45.21533;8.56284
Lanusei;NU;39.87683;9.54230
Lanuvio;RM;41.67977;12.70298
Lanzada;SO;46.26939;9.87391
Lanzo Torinese;TO;45.27232;7.47662
Lapedona;FM;43.10975;13.77215
Lapio;AV;40.98449;14.94786
Lappano;CS;39.31927;16.31383
Larciano;PT;43.82466;10.87719
Lardirago;PV;45.23544;9.23438
Lariano;RM;41.72792;12.83261
Larino;CB;41.80020;14.91074
Las Plassas;SU;39.67834;8.98359
Lasa;BZ;46.61787;10.69756
Lascari;PA;37.99988;13.94112
Lasnigo;CO;45.88069;9.26407
Lastebasse;VI;45.91615;11.26973
Lastra a Signa;FI;43.77012;11.10606
Latera;VT;42.62641;11.82843
Laterza;TA;40.62248;16.79904
Latiano;BR;40.55458;17.71636
Latina;LT;41.46759;12.90368
Latisana;UD;45.77596;12.99529
Latronico;PZ;40.08856;16.00907
Lattarico;CS;39.46209;16.13660
Lauco;UD;46.42341;12.93417
Laureana Cilento;SA;40.30090;15.03891
Laureana di Borrello;RC;38.48956;16.08188
Lauregno;BZ;46.45421;11.06225
Laurenzana;PZ;40.45947;15.97217
Lauria;PZ;40.04729;15.83691
Lauriano;TO;45.15846;7.99167
Laurino;SA;40.33674;15.33665
Laurito;SA;40.16853;15.40827
Lauro;AV;40.87828;14.63235
Lavagna;GE;44.30716;9.34404
Lavagno;VR;45.44067;11.13167
Lavarone;TN;45.93939;11.26970
Lavello;PZ;41.04996;15.80105
Lavena Ponte Tresa;VA;45.96093;8.86108
Laveno-Mombello;VA;45.91579;8.61536
Lavenone;BS;45.73901;10.43797
Laviano;SA;40.78461;15.30507
Lavis;TN;46.13972;11.11173
Lazise;VR;45.50507;10.73247
Lazzate;MB;45.66878;9.08419
Lecce;LE;40.35354;18.17191
Lecce nei Marsi;AQ;41.93295;13.68720
Lecco;LC;45.85576;9.39339
Ledro;TN;45.88871;10.73311
Leffe;BG;45.79980;9.88526
Leggiuno;VA;45.87563;8.61933
Legnago;VR;45.19139;11.30752
Legnano;MI;45.59414;8.91855
Legnaro;PD;45.34399;11.96357
Lei;NU;40.30752;8.92023
Leini;TO;45.18394;7.71511
Leivi;GE;44.34552;9.31822
Lemie;TO;45.22856;7.29288
Lendinara;RO;45.08347;11.59869
Leni;ME;38.55495;14.82417
Lenna;BG;45.94318;9.67730
Leno;BS;45.36750;10.21742
Lenola;LT;41.40949;13.46182
Lenta;VC;45.55556;8.38445
Lentate sul Seveso;MB;45.67822;9.11924
Lentella;CH;41.99721;14.67654
Lentini;SR;37.28451;14.99934
Leonessa;RI;42.56149;12.96390
Leonforte;EN;37.63918;14.39207
Leporano;TA;40.38387;17.33264
Lequile;LE;40.30715;18.14099
Lequio Berria;CN;44.60460;8.09767
Lequio Tanaro;CN;44.56023;7.88360
Lercara Friddi;PA;37.74749;13.60284
Lerici;SP;44.07603;9.91098
Lerma;AL;44.63497;8.71252
Lesa;NO;45.83011;8.56484
Lesegno;CN;44.40123;7.96651
Lesignano de' Bagni;PR;44.64403;10.30166
Lesina;FG;41.86339;15.35506
Lesmo;MB;45.64638;9.30248
Lessolo;TO;45.47616;7.81422
Lessona;BI;45.58610;8.19620
Lestizza;UD;45.95761;13.14084
Letino;CE;41.45233;14.24998
Letojanni;ME;37.88031;15.30626
Lettere;NA;40.70441;14.54461
Lettomanoppello;PE;42.23688;14.03619
Lettopalena;CH;42.00307;14.15810
Levanto;SP;44.16998;9.61246
Levate;BG;45.62522;9.62447
Leverano;LE;40.28662;17.99624
Levice;CN;44.53766;8.15662
Levico Terme;TN;46.01101;11.30233
Levone;TO;45.31810;7.60590
Lezzeno;CO;45.94546;9.19109
Liberi;CE;41.22277;14.28221
Librizzi;ME;38.09717;14.95819
Licata;AG;37.10157;13.93718
Licciana Nardi;MS;44.26498;10.03854
Licenza;RM;42.07436;12.90172
Licodia Eubea;CT;37.15573;14.70332
Lierna;LC;45.95615;9.30694
Lignana;VC;45.28530;8.34605
Lignano Sabbiadoro;UD;45.68825;13.12982
Lillianes;AO;45.63277;7.84507
Limana;BL;46.09914;12.18027
Limatola;BN;41.14093;14.39438
Limbadi;VV;38.55880;15.96203
Limbiate;MB;45.60503;9.12303
Limena;PD;45.47891;11.84366
Limido Comasco;CO;45.68970;8.98271
Limina;ME;37.94088;15.27264
Limone Piemonte;CN;44.20129;7.57608
Limone sul Garda;BS;45.81333;10.79290
Limosano;CB;41.67663;14.62117
Linarolo;PV;45.16021;9.26789
Linguaglossa;CT;37.84073;15.14401
Lioni;AV;40.87749;15.18844
Lipari;ME;38.46904;14.95652
Lipomo;CO;45.79480;9.12148
Lirio;PV;44.99401;9.25554
Liscate;MI;45.48132;9.40947
Liscia;CH;41.95546;14.55501
Lisciano Niccone;PG;43.24602;12.14337
Lisio;CN;44.30670;7.97963
Lissone;MB;45.61053;9.24386
Liveri;NA;40.90236;14.56713
Livigno;SO;46.53867;10.13481
Livinallongo del Col di Lana;BL;46.48148;11.95439
Livo;CO;46.16891;9.30420
Livo;TN;46.40555;11.01917
Livorno;LI;43.55235;10.30868
Livorno Ferraris;VC;45.28166;8.08200
Livraga;LO;45.19263;9.54481
Lizzanello;LE;40.30354;18.22214
Lizzano;TA;40.39057;17.44884
Lizzano in Belvedere;BO;44.16164;10.89366
Loano;SV;44.12917;8.25978
Loazzolo;AT;44.66897;8.25853
Locana;TO;45.41699;7.46126
Locate Varesino;CO;45.69035;8.93082
Locate di Triulzi;MI;45.35766;9.22117
Locatello;BG;45.83222;9.53255
Loceri;NU;39.85671;9.58207
Locorotondo;BA;40.75238;17.32662
Locri;RC;38.23675;16.26403
Loculi;NU;40.40675;9.61105
Lodi;LO;45.31441;9.50372
Lodi Vecchio;LO;45.30071;9.41485
Lodine;NU;40.14776;9.21936
Lodrino;BS;45.71774;10.27760
Lodè;NU;40.59132;9.53957
Lograto;BS;45.48319;10.05744
Loiano;BO;44.27018;11.32173
Loiri Porto San Paolo;SS;40.84191;9.49836
Lomagna;LC;45.66759;9.37567
Lomazzo;CO;45.69902;9.04015
Lombardore;TO;45.23571;7.73627
Lombriasco;TO;44.84160;7.63578
Lomello;PV;45.12177;8.79265
Lona-Lases;TN;46.14680;11.21882
Lonate Ceppino;VA;45.70529;8.87627
Lonate Pozzolo;VA;45.60006;8.75237
Lonato del Garda;BS;45.46089;10.48429
Londa;FI;43.86010;11.56720
Longano;IS;41.52173;14.24571
Longare;VI;45.47876;11.60702
Longarone;BL;46.26660;12.30000
Longhena;BS;45.43814;10.05966
Longi;ME;38.02717;14.75261
Longiano;FC;44.07409;12.32692
Longobardi;CS;39.20742;16.07682
Longobucco;CS;39.44872;16.60949
Longone Sabino;RI;42.27243;12.96549
Longone al Segrino;CO;45.81725;9.25100
Lonigo;VI;45.38883;11.38743
Loranzè;TO;45.44223;7.81087
Loreggia;PD;45.58820;11.94403
Loreglia;VB;45.90636;8.37103
Lorenzago di Cadore;BL;46.48011;12.45905
Loreo;RO;45.06360;12.18923
Loreto;AN;43.44028;13.60793
Loreto Aprutino;PE;42.43235;13.98748
Loria;TV;45.72836;11.86653
Loro Ciuffenna;AR;43.59331;11.63154
Loro Piceno;MC;43.16610;13.41619
Lorsica;GE;44.43234;9.27433
Losine;BS;45.98359;10.31751
Lotzorai;NU;39.96939;9.66253
Lovere;BG;45.81289;10.07160
Lovero;SO;46.23084;10.23030
Lozio;BS;45.98564;10.26089
Lozza;VA;45.77548;8.85706
Lozzo Atestino;PD;45.29111;11.63137
Lozzo di Cadore;BL;46.48468;12.44297
Lozzolo;VC;45.62259;8.32208
Lubriano;VT;42.63535;12.10712
Lucca;LU;43.84432;10.50151
Lucca Sicula;AG;37.57846;13.30671
Lucera;FG;41.50615;15.33296
Lucignano;AR;43.27549;11.74707
Lucinasco;IM;43.96778;7.96275
Lucito;CB;41.73180;14.68822
Luco dei Marsi;AQ;41.96189;13.46899
Lucoli;AQ;42.29102;13.33772
Lugagnano Val d'Arda;PC;44.82253;9.82645
Lugnano in Teverina;TR;42.57429;12.33032
Lugo;RA;44.42083;11.91148
Lugo di Vicenza;VI;45.75313;11.52286
Luino;VA;46.00249;8.74243
Luisago;CO;45.76122;9.04346
Lula;NU;40.47129;9.48504
Lumarzo;GE;44.44357;9.13732
Lumezzane;BS;45.65015;10.26176
Lunamatrona;SU;39.64909;8.90270
Lunano;PU;43.73047;12.44099
Lungavilla;PV;45.04491;9.07859
Lungro;CS;39.74407;16.12175
Luni;SP;44.08497;10.04203
Luogosano;AV;40.98777;14.99037
Luogosanto;SS;41.05064;9.20553
Lupara;CB;41.76214;14.73323
Lurago Marinone;CO;45.70781;8.98395
Lurago d'Erba;CO;45.75349;9.22474
Lurano;BG;45.56503;9.63944
Luras;SS;40.93619;9.17501
Lurate Caccivio;CO;45.76555;9.00068
Lusciano;CE;40.96968;14.19169
Luserna;TN;45.92193;11.32439
Luserna San Giovanni;TO;44.81432;7.24579
Lusernetta;TO;44.80237;7.25024
Lusevera;UD;46.26468;13.26040
Lusia;RO;45.10104;11.66302
Lusigliè;TO;45.31857;7.76647
Luson;BZ;46.74589;11.76072
Lustra;SA;40.28840;15.06832
Luvinate;VA;45.83956;8.77246
Luzzana;BG;45.71598;9.87987
Luzzara;RE;44.96009;10.68588
Luzzi;CS;39.44634;16.28818
Maccagno con Pino e Veddasca;VA;46.04260;8.74237
Maccastorna;LO;45.14663;9.85253
Macchia Valfortore;CB;41.59333;14.91122
Macchia d'Isernia;IS;41.56281;14.16747
Macchiagodena;IS;41.55926;14.40583
Macello;TO;44.85118;7.40079
Macerata;MC;43.30024;13.45307
Macerata Campania;CE;41.06310;14.27444
Macerata Feltria;PU;43.80308;12.44278
Macherio;MB;45.64131;9.27121
Maclodio;BS;45.47674;10.04178
Macomer;NU;40.26505;8.78250
Macra;CN;44.49986;7.17920
Macugnaga;VB;45.96863;7.96782
Maddaloni;CE;41.03861;14.38382
Madesimo;SO;46.42815;9.34418
Madignano;CR;45.34335;9.72762
Madone;BG;45.65200;9.54995
Madonna del Sasso;VB;45.79235;8.36814
Madruzzo;TN;46.02600;10.98410
Maenza;LT;41.52275;13.18068
Mafalda;CB;41.94151;14.71253
Magasa;BS;45.78148;10.61640
Magenta;MI;45.46611;8.88343
Maggiora;NO;45.69075;8.42099
Magherno;PV;45.22245;9.32950
Magione;PG;43.14261;12.20541
Magisano;CZ;39.01488;16.62866
Magliano Alfieri;CN;44.76647;8.06781
Magliano Alpi;CN;44.45810;7.79955
Magliano Romano;RM;42.15986;12.43630
Magliano Sabina;RI;42.36133;12.48099
Magliano Vetere;SA;40.34702;15.23635
Magliano de' Marsi;AQ;42.09229;13.36479
Magliano di Tenna;FM;43.13858;13.58622
Magliano in Toscana;GR;42.59856;11.29354
Maglie;LE;40.12102;18.29886
Magliolo;SV;44.19164;8.25019
Maglione;TO;45.34770;8.01174
Magnacavallo;MN;45.00462;11.18474
Magnago;MI;45.58060;8.80053
Magnano;BI;45.46270;8.00513
Magnano in Riviera;UD;46.22963;13.17660
Magomadas;OR;40.26420;8.52540
Magreglio;CO;45.92002;9.26189
Magrè sulla strada del vino;BZ;46.28687;11.20897
Maida;CZ;38.85827;16.36548
Maierato;VV;38.70707;16.19233
Maierà;CS;39.71613;15.85041
Maiolati Spontini;AN;43.47734;13.11911
Maiolo;RN;43.87363;12.31087
Maiori;SA;40.65087;14.64223
Mairago;LO;45.25226;9.57850
Mairano;BS;45.45020;10.07631
Maissana;SP;44.33667;9.53502
Majano;UD;46.18537;13.07554
Malagnino;CR;45.13495;10.11423
Malalbergo;BO;44.71891;11.53398
Malborghetto Valbruna;UD;46.50677;13.44002
Malcesine;VR;45.76285;10.80782
Malegno;BS;45.95071;10.27241
Maleo;LO;45.16821;9.76454
Malesco;VB;46.12665;8.50036
Maletto;CT;37.82950;14.86629
Malfa;ME;38.57700;14.83604
Malgesso;VA;45.82769;8.67614
Malgrate;LC;45.85188;9.37341
Malito;CS;39.15887;16.24647
Mallare;SV;44.29147;8.29758
Malles Venosta;BZ;46.68954;10.54480
Malnate;VA;45.79953;8.88111
Malo;VI;45.65864;11.40444
Malonno;BS;46.11867;10.31478
Maltignano;AP;42.83163;13.68718
Malvagna;ME;37.91866;15.05435
Malvicino;AL;44.55966;8.41407
Malvito;CS;39.60105;16.05341
Malé;TN;46.35270;10.91248
Mammola;RC;38.36207;16.24052
Mamoiada;NU;40.21439;9.28394
Manciano;GR;42.58734;11.51546
Mandanici;ME;38.00230;15.31711
Mandas;SU;39.65698;9.12980
Mandatoriccio;CS;39.47023;16.83670
Mandela;RM;42.03194;12.92375
Mandello Vitta;NO;45.49523;8.45919
Mandello del Lario;LC;45.91727;9.31952
Manduria;TA;40.39897;17.63431
Manerba del Garda;BS;45.55010;10.55143
Manerbio;BS;45.35430;10.13902
Manfredonia;FG;41.62847;15.91921
Mango;CN;44.68461;8.15033
Mangone;CS;39.20437;16.33262
Maniace;CT;37.86201;14.80775
Maniago;PN;46.17105;12.70817
Manocalzati;AV;40.94143;14.84913
Manoppello;PE;42.26106;14.06045
Mansuè;TV;45.82212;12.53759
Manta;CN;44.61433;7.48626
Mantello;SO;46.15290;9.48805
Mantova;MN;45.15727;10.79277
Manzano;UD;45.98999;13.38480
Manziana;RM;42.12945;12.12825
Mapello;BG;45.70940;9.54573
Mappano;TO;45.14750;7.70700
Mara;SS;40.41070;8.63691
Maracalagonis;CA;39.28523;9.22820
Maranello;MO;44.52512;10.86745
Marano Equo;RM;41.99466;13.01686
Marano Lagunare;UD;45.76718;13.16762
Marano Marchesato;CS;39.31506;16.17362
Marano Principato;CS;39.30129;16.17425
Marano Ticino;NO;45.62982;8.63194
Marano Vicentino;VI;45.69239;11.43029
Marano di Napoli;NA;40.89863;14.19036
Marano di Valpolicella;VR;45.55384;10.91541
Marano sul Panaro;MO;44.45612;10.96629
Maranzana;AT;44.75977;8.47682
Maratea;PZ;39.99578;15.72462
Marcallo con Casone;MI;45.48437;8.86750
Marcaria;MN;45.11962;10.53359
Marcedusa;CZ;39.02703;16.83580
Marcellina;RM;42.02300;12.80725
Marcellinara;CZ;38.92927;16.49443
Marcetelli;RI;42.22679;13.04723
Marcheno;BS;45.70600;10.21420
Marchirolo;VA;45.95159;8.83577
Marciana;LI;42.79000;10.16797
Marciana Marina;LI;42.80472;10.19683
Marcianise;CE;41.03555;14.29945
Marciano della Chiana;AR;43.30513;11.78636
Marcignago;PV;45.25435;9.07737
Marcon;VE;45.55447;12.29937
Marebbe;BZ;46.69754;11.93270
Marene;CN;44.66150;7.72915
Mareno di Piave;TV;45.84086;12.35219
Marentino;TO;45.05800;7.87333
Maretto;AT;44.94436;8.03424
Margarita;CN;44.40265;7.68686
Margherita di Savoia;BT;41.37262;16.14889
Margno;LC;46.03048;9.37998
Mariana Mantovana;MN;45.19403;10.48762
Mariano Comense;CO;45.69710;9.18251
Mariano del Friuli;GO;45.91671;13.46110
Marianopoli;CL;37.59883;13.91508
Mariglianella;NA;40.92662;14.43852
Marigliano;NA;40.92524;14.45702
Marina di Gioiosa Ionica;RC;38.30332;16.32907
Marineo;PA;37.95268;13.41411
Marino;RM;41.76970;12.65861
Marlengo;BZ;46.65479;11.14042
Marliana;PT;43.93406;10.77006
Marmentino;BS;45.75283;10.28194
Marmirolo;MN;45.22234;10.75731
Marmora;CN;44.45749;7.09450
Marnate;VA;45.62848;8.90387
Marone;BS;45.73709;10.09156
Maropati;RC;38.44266;16.09651
Marostica;VI;45.74739;11.65595
Marradi;FI;44.07546;11.61277
Marrubiu;OR;39.74888;8.63626
Marsaglia;CN;44.45218;7.98299
Marsala;TP;37.79917;12.43495
Marsciano;PG;42.91020;12.33954
Marsico Nuovo;PZ;40.41920;15.73423
Marsicovetere;PZ;40.37461;15.82638
Marta;VT;42.53500;11.92516
Martano;LE;40.20384;18.30121
Martellago;VE;45.54613;12.15989
Martello;BZ;46.56632;10.78260
Martignacco;UD;46.09821;13.13039
Martignana di Po;CR;45.01090;10.37927
Martignano;LE;40.23748;18.25893
Martina Franca;TA;40.70493;17.33897
Martinengo;BG;45.57167;9.76737
Martiniana Po;CN;44.62642;7.36632
Martinsicuro;TE;42.88556;13.91574
Martirano;CZ;39.08303;16.24759
Martirano Lombardo;CZ;39.07573;16.23105
Martis;SS;40.77889;8.80866
Martone;RC;38.35375;16.28731
Marudo;LO;45.25256;9.37499
Maruggio;TA;40.31997;17.57036
Marzabotto;BO;44.34039;11.20514
Marzano;PV;45.24759;9.29458
Marzano Appio;CE;41.31628;14.03933
Marzano di Nola;AV;40.90021;14.58179
Marzi;CS;39.17063;16.30705
Marzio;VA;45.93784;8.85777
Masainas;SU;39.05155;8.63060
Masate;MI;45.56842;9.46651
Mascali;CT;37.75750;15.19536
Mascalucia;CT;37.57306;15.05302
Maschito;PZ;40.90673;15.83143
Masciago Primo;VA;45.91642;8.78080
Maser;TV;45.80745;11.97200
Masera;VB;46.13697;8.32648
Maserada sul Piave;TV;45.74969;12.31849
Maserà di Padova;PD;45.32017;11.86353
Masi;PD;45.10842;11.49175
Masi Torello;FE;44.79404;11.79527
Masio;AL;44.86939;8.40801
Maslianico;CO;45.84256;9.04847
Masone;GE;44.50364;8.71169
Massa;MS;44.03674;10.14174
Massa Fermana;FM;43.15042;13.47564
Massa Lombarda;RA;44.44657;11.82821
Massa Lubrense;NA;40.61112;14.34404
Massa Marittima;GR;43.05020;10.88793
Massa Martana;PG;42.77556;12.52301
Massa d'Albe;AQ;42.10899;13.39220
Massa di Somma;NA;40.84661;14.37740
Massa e Cozzile;PT;43.90992;10.74467
Massafra;TA;40.58820;17.11246
Massalengo;LO;45.26352;9.48985
Massanzago;PD;45.55532;12.00426
Massarosa;LU;43.86850;10.34181
Massazza;BI;45.49207;8.16516
Massello;TO;44.95856;7.05631
Masserano;BI;45.59570;8.22327
Massignano;AP;43.05086;13.79702
Massimeno;TN;46.14231;10.77301
Massimino;SV;44.29939;8.07116
Massino Visconti;NO;45.82190;8.53881
Massiola;VB;45.91224;8.31968
Masullas;OR;39.70146;8.77925
Matelica;MC;43.25661;13.00952
Matera;MT;40.66751;16.59793
Mathi;TO;45.25664;7.54132
Matino;LE;40.03264;18.13411
Matrice;CB;41.61240;14.71100
Mattie;TO;45.11871;7.11215
Mattinata;FG;41.71053;16.05144
Mazara del Vallo;TP;37.65135;12.58972
Mazzano;BS;45.50360;10.35979
Mazzano Romano;RM;42.20467;12.39943
Mazzarino;CL;37.30500;14.21424
Mazzarrone;CT;37.08401;14.56160
Mazzarrà Sant'Andrea;ME;38.08980;15.13586
Mazzin;TN;46.47036;11.72841
Mazzo di Valtellina;SO;46.25648;10.25480
Mazzè;TO;45.29854;7.93700
Meana Sardo;NU;39.94761;9.06887
Meana di Susa;TO;45.12073;7.06814
Meda;MB;45.66155;9.15527
Mede;PV;45.09694;8.73661
Medea;GO;45.91670;13.42393
Medesano;PR;44.75682;10.13996
Medicina;BO;44.47644;11.64048
Mediglia;MI;45.40123;9.32377
Medolago;BG;45.67277;9.49354
Medole;MN;45.32707;10.50745
Medolla;MO;44.84894;11.07148
Meduna di Livenza;TV;45.80525;12.61350
Meduno;PN;46.21673;12.78653
Megliadino San Vitale;PD;45.19237;11.52412
Meina;NO;45.79003;8.53760
Melara;RO;45.06185;11.19773
Melazzo;AL;44.64399;8.42690
Meldola;FC;44.12697;12.06062
Mele;GE;44.44540;8.74803
Melegnano;MI;45.35753;9.32425
Melendugno;LE;40.26684;18.33705
Meleti;LO;45.11880;9.83678
Melfi;PZ;40.99444;15.65291
Melicucco;RC;38.43396;16.05978
Melicuccà;RC;38.30220;15.88192
Melilli;SR;37.17851;15.12675
Melissa;KR;39.30519;17.02282
Melissano;LE;39.97355;18.12362
Melito Irpino;AV;41.10290;15.05389
Melito di Napoli;NA;40.92403;14.23270
Melito di Porto Salvo;RC;37.92087;15.78509
Melizzano;BN;41.16133;14.50444
Melle;CN;44.56206;7.32058
Mello;SO;46.15463;9.54426
Melpignano;LE;40.15476;18.28945
Meltina;BZ;46.58638;11.25557
Melzo;MI;45.49793;9.42398
Menaggio;CO;46.02110;9.23891
Menconico;PV;44.79595;9.27906
Mendatica;IM;44.07637;7.80556
Mendicino;CS;39.26212;16.19289
Menfi;AG;37.59822;12.96641
Mentana;RM;42.03371;12.63722
Meolo;VE;45.61903;12.45266
Merana;AL;44.51780;8.29752
Merano;BZ;46.67176;11.16184
Merate;LC;45.69854;9.41001
Mercallo;VA;45.74673;8.67210
Mercatello sul Metauro;PU;43.64751;12.33675
Mercatino Conca;PU;43.87043;12.49350
Mercato San Severino;SA;40.78629;14.75358
Mercato Saraceno;FC;43.95701;12.19584
Mercenasco;TO;45.35698;7.88257
Mercogliano;AV;40.92012;14.73613
Mereto di Tomba;UD;46.05112;13.04784
Mergo;AN;43.47142;13.03739
Mergozzo;VB;45.96098;8.45293
Merlara;PD;45.16699;11.44224
Merlino;LO;45.43290;9.42988
Merone;CO;45.78638;9.24512
Merì;ME;38.16794;15.24644
Mesagne;BR;40.55459;17.80858
Mese;SO;46.30445;9.37946
Mesenzana;VA;45.94702;8.75881
Mesero;MI;45.49827;8.85388
Mesola;FE;44.92249;12.22924
Mesoraca;KR;39.08252;16.79386
Messina;ME;38.19396;15.55572
Mestrino;PD;45.44354;11.75879
Meta;NA;40.64403;14.41269
Mezzago;MB;45.62597;9.43948
Mezzana;TN;46.31581;10.80277
Mezzana Bigli;PV;45.06088;8.84596
Mezzana Mortigliengo;BI;45.62596;8.18945
Mezzana Rabattone;PV;45.09471;9.03229
Mezzane di Sotto;VR;45.48107;11.12756
Mezzanego;GE;44.38370;9.37691
Mezzanino;PV;45.12639;9.20681
Mezzano;TN;46.15453;11.80595
Mezzenile;TO;45.29240;7.39502
Mezzocorona;TN;46.21649;11.11850
Mezzojuso;PA;37.86450;13.46451
Mezzoldo;BG;46.01220;9.66567
Mezzolombardo;TN;46.21351;11.09052
Mezzomerico;NO;45.62028;8.60462
Miagliano;BI;45.61414;8.04377
Miane;TV;45.94291;12.09097
Miasino;NO;45.80219;8.43036
Miazzina;VB;45.97522;8.52392
Micigliano;RI;42.45095;13.05493
Miggiano;LE;39.96507;18.30685
Miglianico;CH;42.35951;14.29154
Miglierina;CZ;38.94761;16.47246
Miglionico;MT;40.56577;16.50158
Mignanego;GE;44.52764;8.91468
Mignano Monte Lungo;CE;41.40673;13.98743
Milano;MI;45.46679;9.19035
Milazzo;ME;38.22087;15.24274
Milena;CL;37.47145;13.73628
Mileto;VV;38.60321;16.05990
Milis;OR;40.04931;8.63718
Militello Rosmarino;ME;38.04636;14.67604
Militello in Val di Catania;CT;37.27481;14.79400
Millesimo;SV;44.36442;8.20582
Milo;CT;37.72334;15.11607
Milzano;BS;45.27554;10.20044
Mineo;CT;37.26487;14.69111
Minerbe;VR;45.24176;11.34070
Minerbio;BO;44.62520;11.49080
Minervino Murge;BT;41.08919;16.07967
Minervino di Lecce;LE;40.09260;18.42237
Minori;SA;40.64967;14.62615
Minturno;LT;41.26245;13.74656
Minucciano;LU;44.17031;10.20756
Mioglia;SV;44.48986;8.41127
Mira;VE;45.43288;12.12337
Mirabella Eclano;AV;41.04138;14.99218
Mirabella Imbaccari;CT;37.32444;14.44603
Mirabello Monferrato;AL;45.03575;8.52345
Mirabello Sannitico;CB;41.51529;14.67208
Miradolo Terme;PV;45.17164;9.44317
Miranda;IS;41.64390;14.24623
Mirandola;MO;44.88708;11.06608
Mirano;VE;45.49292;12.10917
Mirto;ME;38.08512;14.75285
Misano Adriatico;RN;43.97336;12.69324
Misano di Gera d'Adda;BG;45.46855;9.62060
Misilmeri;PA;38.03514;13.45155
Misinto;MB;45.66463;9.07748
Missaglia;LC;45.70851;9.33431
Missanello;PZ;40.28220;16.16521
Misterbianco;CT;37.52084;15.00637
Mistretta;ME;37.93049;14.36235
Moasca;AT;44.76255;8.27794
Moconesi;GE;44.41953;9.21235
Modena;MO;44.64600;10.92615
Modica;RG;36.85885;14.76136
Modigliana;FC;44.15627;11.79260
Modolo;OR;40.27408;8.52782
Modugno;BA;41.08270;16.78027
Moena;TN;46.37661;11.66022
Moggio;LC;45.93125;9.49004
Moggio Udinese;UD;46.40992;13.19492
Moglia;MN;44.93034;10.91193
Mogliano;MC;43.18600;13.48082
Mogliano Veneto;TV;45.56159;12.23645
Mogorella;OR;39.86312;8.85827
Mogoro;OR;39.68411;8.77458
Moiano;BN;41.07824;14.54636
Moimacco;UD;46.09167;13.38114
Moio Alcantara;ME;37.89884;15.05053
Moio de' Calvi;BG;45.95144;9.70058
Moio della Civitella;SA;40.24505;15.27040
Moiola;CN;44.31969;7.38887
Mola di Bari;BA;41.06093;17.08172
Molare;AL;44.62062;8.60108
Molazzana;LU;44.07259;10.41844
Molfetta;BA;41.20503;16.60063
Molina Aterno;AQ;42.14805;13.73575
Molinara;BN;41.29376;14.90990
Molinella;BO;44.62037;11.67032
Molini di Triora;IM;43.99014;7.77433
Molino dei Torti;AL;45.02354;8.89203
Molise;CB;41.63058;14.49382
Moliterno;PZ;40.24207;15.86876
Mollia;VC;45.81528;8.03097
Molochio;RC;38.30483;16.03184
Molteno;LC;45.77707;9.30659
Moltrasio;CO;45.85915;9.09584
Molveno;TN;46.14289;10.96625
Mombaldone;AT;44.56924;8.32920
Mombarcaro;CN;44.46776;8.08509
Mombaroccio;PU;43.79684;12.85488
Mombaruzzo;AT;44.77103;8.44867
Mombasiglio;CN;44.36331;7.97000
Mombello Monferrato;AL;45.13303;8.25088
Mombello di Torino;TO;45.04640;7.91955
Mombercelli;AT;44.81698;8.29443
Momo;NO;45.57391;8.55537
Mompantero;TO;45.13991;7.05797
Mompeo;RI;42.24771;12.75117
Momperone;AL;44.83864;9.03448
Monacilioni;CB;41.61043;14.81045
Monale;AT;44.93610;8.07164
Monasterace;RC;38.45364;16.55275
Monastero Bormida;AT;44.64752;8.32462
Monastero di Lanzo;TO;45.30142;7.43913
Monastero di Vasco;CN;44.34018;7.82276
Monasterolo Casotto;CN;44.33084;7.94114
Monasterolo del Castello;BG;45.76326;9.93136
Monasterolo di Savigliano;CN;44.68634;7.62077
Monastier di Treviso;TV;45.64952;12.43574
Monastir;SU;39.38719;9.04409
Moncalieri;TO;45.00093;7.68525
Moncalvo;AT;45.05140;8.26347
Moncenisio;TO;45.20529;6.98356
Moncestino;AL;45.15485;8.15840
Monchiero;CN;44.57305;7.91814
Monchio delle Corti;PR;44.41237;10.12320
Moncrivello;VC;45.33123;7.99586
Moncucco Torinese;AT;45.06788;7.93216
Mondaino;RN;43.85603;12.67138
Mondavio;PU;43.67454;12.96860
Mondolfo;PU;43.75152;13.09546
Mondovì;CN;44.38718;7.81981
Mondragone;CE;41.11294;13.88716
Moneglia;GE;44.23855;9.49013
Monesiglio;CN;44.46490;8.11638
Monfalcone;GO;45.80923;13.53265
Monforte San Giorgio;ME;38.15687;15.38352
Monforte d'Alba;CN;44.58234;7.96841
Monfumo;TV;45.83047;11.92035
Mongardino;AT;44.84884;8.21870
Monghidoro;BO;44.21944;11.31663
Mongiana;VV;38.51344;16.31924
Mongiardino Ligure;AL;44.63856;9.06126
Mongiuffi Melia;ME;37.90420;15.27493
Mongrando;BI;45.51923;8.00725
Mongrassano;CS;39.52715;16.11145
Monguelfo-Tesido;BZ;46.75694;12.10478
Monguzzo;CO;45.78283;9.23217
Moniga del Garda;BS;45.53052;10.53704
Monleale;AL;44.88507;8.98437
Monno;BS;46.21262;10.33804
Monopoli;BA;40.95258;17.30210
Monreale;PA;38.08233;13.29170
Monrupino;TS;45.71887;13.80116
Monsampietro Morico;FM;43.06767;13.55584
Monsampolo del Tronto;AP;42.89747;13.79095
Monsano;AN;43.56348;13.25031
Monselice;PD;45.23947;11.75011
Monserrato;CA;39.25407;9.14344
Monsummano Terme;PT;43.87160;10.81442
Montabone;AT;44.69860;8.39031
Montacuto;AL;44.76675;9.10687
Montafia;AT;44.98920;8.02515
Montagano;CB;41.64635;14.67377
Montagna;BZ;46.33135;11.30273
Montagna in Valtellina;SO;46.17825;9.90065
Montagnana;PD;45.23198;11.46715
Montagnareale;ME;38.13246;14.94771
Montaguto;AV;41.24905;15.25016
Montaione;FI;43.55228;10.91225
Montalbano Elicona;ME;38.02371;15.01413
Montalbano Jonico;MT;40.28805;16.56884
Montalcino;SI;43.05920;11.49060
Montaldeo;AL;44.66654;8.73068
Montaldo Bormida;AL;44.68346;8.58901
Montaldo Roero;CN;44.76857;7.92447
Montaldo Scarampi;AT;44.82860;8.25739
Montaldo Torinese;TO;45.06636;7.85089
Montaldo di Mondovì;CN;44.31947;7.86584
Montale;PT;43.93474;11.02227
Montalenghe;TO;45.33772;7.83986
Montallegro;AG;37.39109;13.35068
Montalto Dora;TO;45.49362;7.86379
Montalto Pavese;PV;44.97961;9.20734
Montalto Uffugo;CS;39.40552;16.15847
Montalto delle Marche;AP;42.98737;13.60713
Montalto di Castro;VT;42.35323;11.60418
Montanaro;TO;45.23289;7.85283
Montanaso Lombardo;LO;45.33528;9.46309
Montanera;CN;44.46198;7.66557
Montano Antilia;SA;40.16238;15.36151
Montano Lucino;CO;45.78630;9.04128
Montappone;FM;43.13551;13.46936
Montaquila;IS;41.56641;14.11671
Montasola;RI;42.38556;12.68099
Montauro;CZ;38.74978;16.50979
Montazzoli;CH;41.94819;14.42936
Monte Argentario;GR;42.43915;11.11584
Monte Castello di Vibio;PG;42.84032;12.35227
Monte Cavallo;MC;42.99356;13.00116
Monte Cerignone;PU;43.84099;12.41263
Monte Compatri;RM;41.80828;12.73700
Monte Cremasco;CR;45.37224;9.57286
Monte Giberto;FM;43.09128;13.63086
Monte Grimano Terme;PU;43.86544;12.47285
Monte Isola;BS;45.71499;10.07930
Monte Marenzo;LC;45.77094;9.45353
Monte Porzio;PU;43.68987;13.04519
Monte Porzio Catone;RM;41.81560;12.71666
Monte Rinaldo;FM;43.02836;13.58091
Monte Roberto;AN;43.48144;13.13851
Monte Romano;VT;42.26792;11.89878
Monte San Biagio;LT;41.35297;13.35115
Monte San Giacomo;SA;40.34139;15.54367
Monte San Giovanni Campano;FR;41.63905;13.51586
Monte San Giovanni in Sabina;RI;42.32818;12.77768
Monte San Giusto;MC;43.23601;13.59428
Monte San Martino;MC;43.03117;13.43937
Monte San Pietrangeli;FM;43.19179;13.57961
Monte San Pietro;BO;44.45776;11.19969
Monte San Savino;AR;43.33139;11.72534
Monte San Vito;AN;43.60058;13.27097
Monte Sant'Angelo;FG;41.70618;15.95813
Monte Santa Maria Tiberina;PG;43.43681;12.16292
Monte Urano;FM;43.20622;13.67111
Monte Vidon Combatte;FM;43.04965;13.63071
Monte Vidon Corrado;FM;43.12140;13.48448
Monte di Malo;VI;45.66037;11.36141
Monte di Procida;NA;40.79501;14.05390
Montebello Jonico;RC;37.98169;15.75827
Montebello Vicentino;VI;45.45759;11.38584
Montebello della Battaglia;PV;44.99970;9.10101
Montebello di Bertona;PE;42.41652;13.86965
Montebello sul Sangro;CH;41.98663;14.32504
Montebelluna;TV;45.77613;12.04511
Montebruno;GE;44.52709;9.24979
Montebuono;RI;42.36591;12.59771
Montecalvo Irpino;AV;41.19420;15.03162
Montecalvo Versiggia;PV;44.97040;9.28399
Montecalvo in Foglia;PU;43.81155;12.63158
Montecarlo;LU;43.85036;10.66857
Montecarotto;AN;43.52636;13.06453
Montecassiano;MC;43.36375;13.43594
Montecastello;AL;44.94895;8.68661
Montecastrilli;TR;42.64979;12.48779
Montecatini Val di Cecina;PI;43.39201;10.74816
Montecatini-Terme;PT;43.88410;10.77278
Montecchia di Crosara;VR;45.48540;11.25318
Montecchio;TR;42.66238;12.28800
Montecchio Emilia;RE;44.70014;10.44658
Montecchio Maggiore;VI;45.50582;11.40734
Montecchio Precalcino;VI;45.66395;11.56163
Montechiaro d'Acqui;AL;44.59498;8.37967
Montechiaro d'Asti;AT;45.00822;8.11238
Montechiarugolo;PR;44.69358;10.42246
Monteciccardo;PU;43.81930;12.80826
Montecilfone;CB;41.90190;14.83761
Montecopiolo;PU;43.84127;12.35938
Montecorice;SA;40.23444;14.98504
Montecorvino Pugliano;SA;40.67615;14.93026
Montecorvino Rovella;SA;40.69580;14.97694
Montecosaro;MC;43.31685;13.63525
Montecrestese;VB;46.16548;8.32648
Montecreto;MO;44.24896;10.72073
Montedinove;AP;42.97074;13.58697
Montedoro;CL;37.45374;13.81638
Montefalcione;AV;40.96407;14.88451
Montefalco;PG;42.89392;12.65252
Montefalcone Appennino;FM;42.98770;13.45957
Montefalcone di Val Fortore;BN;41.32610;15.00925
Montefalcone nel Sannio;CB;41.86487;14.63891
Montefano;MC;43.41192;13.43975
Montefelcino;PU;43.73507;12.83320
Monteferrante;CH;41.95457;14.38819
Montefiascone;VT;42.53761;12.03037
Montefino;TE;42.54481;13.88443
Montefiore Conca;RN;43.89067;12.61126
Montefiore dell'Aso;AP;43.05162;13.75090
Montefiorino;MO;44.35945;10.62533
Monteflavio;RM;42.11099;12.83070
Monteforte Cilento;SA;40.36469;15.19461
Monteforte Irpino;AV;40.89001;14.71388
Monteforte d'Alpone;VR;45.42226;11.28505
Montefortino;FM;42.94264;13.34124
Montefranco;TR;42.59705;12.76661
Montefredane;AV;40.96033;14.81299
Montefusco;AV;41.03769;14.85521
Montegabbione;TR;42.92124;12.09253
Montegalda;VI;45.44352;11.67286
Montegaldella;VI;45.43608;11.67409
Montegallo;AP;42.84219;13.33299
Montegioco;AL;44.83780;8.95408
Montegiordano;CS;40.04408;16.53245
Montegiorgio;FM;43.13003;13.53779
Montegranaro;FM;43.23339;13.63260
Montegridolfo;RN;43.85906;12.68914
Montegrino Valtravaglia;VA;45.97345;8.76812
Montegrosso Pian Latte;IM;44.06661;7.81784
Montegrosso d'Asti;AT;44.82241;8.23874
Montegrotto Terme;PD;45.33174;11.78364
Monteiasi;TA;40.50212;17.37904
Montelabbate;PU;43.84907;12.79076
Montelanico;RM;41.64954;13.03955
Montelapiano;CH;41.96128;14.34235
Monteleone Rocca Doria;SS;40.47188;8.55994
Monteleone Sabino;RI;42.23258;12.85902
Monteleone d'Orvieto;TR;42.91646;12.05156
Monteleone di Fermo;FM;43.04743;13.52881
Monteleone di Puglia;FG;41.16479;15.26002
Monteleone di Spoleto;PG;42.65112;12.95159
Montelepre;PA;38.08979;13.17327
Montelibretti;RM;42.13494;12.73888
Montella;AV;40.84229;15.01666
Montello;BG;45.67091;9.80506
Montelongo;CB;41.73584;14.94867
Montelparo;FM;43.01800;13.53537
Montelupo Albese;CN;44.62307;8.04638
Montelupo Fiorentino;FI;43.72947;11.02076
Montelupone;MC;43.34438;13.56712
Montemaggiore Belsito;PA;37.84789;13.76258
Montemagno;AT;44.98403;8.32401
Montemale di Cuneo;CN;44.43769;7.37281
Montemarano;AV;40.91982;14.99692
Montemarciano;AN;43.64009;13.31023
Montemarzino;AL;44.84849;8.99313
Montemesola;TA;40.56230;17.33540
Montemezzo;CO;46.17849;9.37698
Montemignaio;AR;43.74012;11.61991
Montemiletto;AV;41.01147;14.90719
Montemilone;PZ;41.02707;15.96716
Montemitro;CB;41.88803;14.64676
Montemonaco;AP;42.89950;13.32696
Montemurlo;PO;43.92690;11.03714
Montemurro;PZ;40.29920;15.99391
Montenars;UD;46.25673;13.18037
Montenero Sabino;RI;42.28124;12.81317
Montenero Val Cocchiara;IS;41.71473;14.06618
Montenero di Bisaccia;CB;41.95725;14.78121
Montenerodomo;CH;41.97660;14.25180
Monteodorisio;CH;42.08808;14.65273
Montepaone;CZ;38.72169;16.49865
Monteparano;TA;40.44410;17.41370
Monteprandone;AP;42.92010;13.83574
Montepulciano;SI;43.09255;11.78070
Monterchi;AR;43.48560;12.11190
Montereale;AQ;42.52407;13.24509
Montereale Valcellina;PN;46.15518;12.65606
Monterenzio;BO;44.32528;11.40501
Monteriggioni;SI;43.39306;11.21861
Monteroduni;IS;41.52280;14.17571
Monteroni d'Arbia;SI;43.23109;11.42187
Monteroni di Lecce;LE;40.32882;18.09755
Monterosi;VT;42.19559;12.30994
Monterosso Almo;RG;37.08888;14.76257
Monterosso Calabro;VV;38.71793;16.28739
Monterosso Grana;CN;44.40889;7.32392
Monterosso al Mare;SP;44.14630;9.65614
Monterotondo;RM;42.05132;12.61625
Monterotondo Marittimo;GR;43.14551;10.85585
Monterubbiano;FM;43.08541;13.71643
Montesano Salentino;LE;39.97592;18.32186
Montesano sulla Marcellana;SA;40.27558;15.70119
Montesarchio;BN;41.06364;14.64054
Montescaglioso;MT;40.55204;16.66391
Montescano;PV;45.03180;9.29734
Montescheno;VB;46.06660;8.23291
Montescudaio;PI;43.32635;10.62779
Montescudo-Monte Colombo;RN;43.92110;12.55330
Montese;MO;44.26747;10.94037
Montesegale;PV;44.90637;9.12690
Montesilvano;PE;42.51413;14.14938
Montespertoli;FI;43.64313;11.07533
Monteu Roero;CN;44.78024;7.93087
Monteu da Po;TO;45.15054;8.01478
Montevago;AG;37.70262;12.99018
Montevarchi;AR;43.52361;11.56747
Montevecchia;LC;45.70546;9.38065
Monteverde;AV;40.99981;15.53274
Monteverdi Marittimo;PI;43.17701;10.71525
Monteviale;VI;45.56076;11.45790
Montezemolo;CN;44.37824;8.14147
Monti;SS;40.80515;9.32588
Montiano;FC;44.08351;12.30424
Monticelli Brusati;BS;45.63426;10.09790
Monticelli Pavese;PV;45.11051;9.51274
Monticelli d'Ongina;PC;45.08985;9.93327
Monticello Brianza;LC;45.71069;9.31504
Monticello Conte Otto;VI;45.59526;11.58047
Monticello d'Alba;CN;44.71829;7.94101
Montichiari;BS;45.41225;10.39528
Monticiano;SI;43.13937;11.17973
Montieri;GR;43.13049;11.01621
Montiglio Monferrato;AT;45.06741;8.09774
Montignoso;MS;44.01815;10.17648
Montirone;BS;45.44377;10.23111
Montjovet;AO;45.70422;7.67419
Montodine;CR;45.28626;9.71080
Montoggio;GE;44.51558;9.04420
Montone;PG;43.36372;12.32684
Montopoli di Sabina;RI;42.24471;12.69191
Montopoli in Val d'Arno;PI;43.66859;10.76043
Montorfano;CO;45.78540;9.14450
Montorio Romano;RM;42.13727;12.80593
Montorio al Vomano;TE;42.58305;13.63132
Montorio nei Frentani;CB;41.75894;14.93225
Montoro;AV;40.82160;14.76000
Montorso Vicentino;VI;45.48965;11.36222
Montottone;FM;43.06196;13.58481
Montresta;OR;40.37371;8.49987
Montà;CN;44.81309;7.96001
Montù Beccaria;PV;45.03883;9.31242
Monvalle;VA;45.85759;8.63205
Monza;MB;45.58439;9.27358
Monzambano;MN;45.38711;10.69314
Monzuno;BO;44.27681;11.27144
Morano Calabro;CS;39.84180;16.13535
Morano sul Po;AL;45.16404;8.36562
Moransengo;AT;45.11524;8.02487
Moraro;GO;45.93022;13.49529
Morazzone;VA;45.76916;8.82937
Morbegno;SO;46.13046;9.56978
Morbello;AL;44.60348;8.51001
Morciano di Leuca;LE;39.84697;18.31140
Morciano di Romagna;RN;43.91374;12.64594
Morcone;BN;41.34020;14.66405
Mordano;BO;44.39772;11.81053
Morengo;BG;45.53200;9.70221
Mores;SS;40.54944;8.83367
Moresco;FM;43.08571;13.73244
Moretta;CN;44.76391;7.53692
Morfasso;PC;44.72167;9.70325
Morgano;TV;45.63436;12.08348
Morgex;AO;45.75698;7.03607
Morgongiori;OR;39.74615;8.76773
Mori;TN;45.85195;10.97549
Moriago della Battaglia;TV;45.86691;12.10660
Moricone;RM;42.11660;12.77394
Morigerati;SA;40.14056;15.55508
Morimondo;MI;45.35379;8.95608
Morino;AQ;41.86476;13.45754
Moriondo Torinese;TO;45.03906;7.94406
Morlupo;RM;42.14283;12.50441
Mormanno;CS;39.88973;15.98760
Mornago;VA;45.74759;8.75240
Mornese;AL;44.63908;8.75619
Mornico Losana;PV;45.00922;9.20647
Mornico al Serio;BG;45.59055;9.80871
Morolo;FR;41.63784;13.19702
Morozzo;CN;44.42304;7.71045
Morra De Sanctis;AV;40.92312;15.24397
Morro Reatino;RI;42.52585;12.83216
Morro d'Alba;AN;43.60113;13.21405
Morro d'Oro;TE;42.66403;13.91962
Morrone del Sannio;CB;41.71216;14.77826
Morrovalle;MC;43.31469;13.58003
Morsano al Tagliamento;PN;45.85783;12.92903
Morsasco;AL;44.66457;8.54910
Mortara;PV;45.25184;8.73807
Mortegliano;UD;45.94489;13.17209
Morterone;LC;45.87625;9.48276
Moruzzo;UD;46.11968;13.12372
Moscazzano;CR;45.29358;9.68132
Moschiano;AV;40.87467;14.65948
Mosciano Sant'Angelo;TE;42.74998;13.88789
Moscufo;PE;42.42851;14.05508
Moso in Passiria;BZ;46.83012;11.16900
Mossa;GO;45.93843;13.54790
Motta Baluffi;CR;45.05446;10.25959
Motta Camastra;ME;37.89569;15.17250
Motta Montecorvino;FG;41.50734;15.11338
Motta San Giovanni;RC;38.00176;15.69732
Motta Sant'Anastasia;CT;37.51210;14.96977
Motta Santa Lucia;CZ;39.09208;16.29287
Motta Visconti;MI;45.29019;8.99300
Motta d'Affermo;ME;37.98129;14.30206
Motta de' Conti;VC;45.19150;8.52077
Motta di Livenza;TV;45.77664;12.61025
Mottafollone;CS;39.64706;16.06664
Mottalciata;BI;45.50864;8.20749
Motteggiana;MN;45.03144;10.76444
Mottola;TA;40.63321;17.03829
Mozzagrogna;CH;42.21283;14.44468
Mozzanica;BG;45.47710;9.69376
Mozzate;CO;45.67499;8.95594
Mozzecane;VR;45.30971;10.81771
Mozzo;BG;45.70018;9.60903
Muccia;MC;43.08210;13.04405
Muggia;TS;45.60439;13.76730
Muggiò;MB;45.59366;9.22956
Mugnano del Cardinale;AV;40.93963;14.64256
Mugnano di Napoli;NA;40.90951;14.20649
Mulazzano;LO;45.37215;9.39793
Mulazzo;MS;44.32166;9.90708
Mura;BS;45.71307;10.34201
Muravera;SU;39.42158;9.57470
Murazzano;CN;44.47375;8.01885
Murello;CN;44.75296;7.60094
Murialdo;SV;44.31617;8.16136
Murisengo;AL;45.08345;8.13747
Murlo;SI;43.16849;11.39110
Muro Leccese;LE;40.09999;18.33935
Muro Lucano;PZ;40.75282;15.48370
Muros;SS;40.67911;8.61529
Muscoline;BS;45.56439;10.46033
Musei;SU;39.30234;8.66693
Musile di Piave;VE;45.62231;12.56334
Musso;CO;46.11082;9.27368
Mussolente;VI;45.77897;11.80118
Mussomeli;CL;37.58022;13.75403
Muzzana del Turgnano;UD;45.81743;13.12780
Muzzano;BI;45.56061;7.98650
Nago-Torbole;TN;45.87058;10.87605
Nalles;BZ;46.54110;11.20423
Nanto;VI;45.42526;11.59156
Napoli;NA;40.83957;14.25085
Narbolia;OR;40.04771;8.57500
Narcao;SU;39.16739;8.67731
Nardodipace;VV;38.47418;16.34296
Nardò;LE;40.17594;18.03120
Narni;TR;42.51926;12.51529
Naro;AG;37.29606;13.79204
Narzole;CN;44.59416;7.87052
Nasino;SV;44.11511;8.02784
Naso;ME;38.12194;14.78820
Naturno;BZ;46.65104;11.00533
Nave;BS;45.58468;10.27905
Navelli;AQ;42.23627;13.73031
Naz-Sciaves;BZ;46.77053;11.66585
Nazzano;RM;42.22865;12.59725
Ne;GE;44.34437;9.39842
Nebbiuno;NO;45.80608;8.52424
Negrar di Valpolicella;VR;45.53066;10.93783
Neirone;GE;44.45425;9.19090
Neive;CN;44.72632;8.11550
Nembro;BG;45.74353;9.75893
Nemi;RM;41.72016;12.71443
Nemoli;PZ;40.06594;15.79927
Neoneli;OR;40.06150;8.94401
Nepi;VT;42.24237;12.34881
Nereto;TE;42.82034;13.81800
Nerola;RM;42.16202;12.78665
Nervesa della Battaglia;TV;45.82449;12.20742
Nerviano;MI;45.55399;8.97085
Nespolo;RI;42.15575;13.06948
Nesso;CO;45.91073;9.15900
Netro;BI;45.53803;7.94790
Nettuno;RM;41.45749;12.66142
Neviano;LE;40.10543;18.11905
Neviano degli Arduini;PR;44.58365;10.31775
Neviglie;CN;44.69212;8.11598
Niardo;BS;45.97873;10.33590
Nibbiola;NO;45.37179;8.65635
Nibionno;LC;45.75312;9.26396
Nichelino;TO;44.99519;7.64737
Nicolosi;CT;37.61414;15.02671
Nicorvo;PV;45.28515;8.66719
Nicosia;EN;37.74805;14.39855
Nicotera;VV;38.54359;15.93190
Niella Belbo;CN;44.51329;8.07912
Niella Tanaro;CN;44.41483;7.92136
Nimis;UD;46.20034;13.26531
Niscemi;CL;37.14528;14.38504
Nissoria;EN;37.65516;14.44936
Nizza Monferrato;AT;44.77362;8.35650
Nizza di Sicilia;ME;37.98886;15.40794
Noale;VE;45.55055;12.07041
Noasca;TO;45.45305;7.31354
Nocara;CS;40.09894;16.48354
Nocciano;PE;42.33400;13.98410
Nocera Inferiore;SA;40.74358;14.64142
Nocera Superiore;SA;40.74157;14.67118
Nocera Terinese;CZ;39.03745;16.16400
Nocera Umbra;PG;43.11095;12.79032
Noceto;PR;44.81026;10.17719
Noci;BA;40.79482;17.12248
Nociglia;LE;40.03625;18.33034
Noepoli;PZ;40.08717;16.32807
Nogara;VR;45.17784;11.06091
Nogaredo;TN;45.91201;11.02309
Nogarole Rocca;VR;45.29164;10.88371
Nogarole Vicentino;VI;45.55948;11.28793
Noicattaro;BA;41.03390;16.98484
Nola;NA;40.92633;14.52683
Nole;TO;45.24524;7.57012
Noli;SV;44.20566;8.41618
Nomaglio;TO;45.53518;7.85972
Nomi;TN;45.92896;11.07126
Nonantola;MO;44.67778;11.04312
None;TO;44.93231;7.54124
Nonio;VB;45.84506;8.37680
Noragugume;NU;40.22475;8.91997
Norbello;OR;40.13396;8.83225
Norcia;PG;42.79236;13.09285
Norma;LT;41.58528;12.97252
Nosate;MI;45.55078;8.72647
Notaresco;TE;42.65903;13.89404
Noto;SR;36.89170;15.06670
Nova Levante;BZ;46.42979;11.53555
Nova Milanese;MB;45.58699;9.20172
Nova Ponente;BZ;46.41411;11.42560
Nova Siri;MT;40.14713;16.53877
Novafeltria;RN;43.89584;12.28927
Novaledo;TN;46.02258;11.36580
Novalesa;TO;45.18764;7.01467
Novara;NO;45.44589;8.62192
Novara di Sicilia;ME;38.01625;15.13194
Novate Mezzola;SO;46.22198;9.44682
Novate Milanese;MI;45.53282;9.13588
Nove;VI;45.72461;11.67925
Novedrate;CO;45.69758;9.12349
Novellara;RE;44.84513;10.73189
Novello;CN;44.58716;7.92766
Noventa Padovana;PD;45.41603;11.95289
Noventa Vicentina;VI;45.29091;11.54046
Noventa di Piave;VE;45.66286;12.52968
Novi Ligure;AL;44.76018;8.78710
Novi Velia;SA;40.22457;15.28711
Novi di Modena;MO;44.89357;10.90134
Noviglio;MI;45.35609;9.07078
Novoli;LE;40.37587;18.04878
Nucetto;CN;44.33940;8.05892
Nughedu San Nicolò;SS;40.55627;9.02206
Nughedu Santa Vittoria;OR;40.10207;8.95430
Nule;SS;40.46091;9.18729
Nulvi;SS;40.78058;8.74457
Numana;AN;43.51347;13.62151
Nuoro;NU;40.32319;9.33030
Nurachi;OR;39.97379;8.53991
Nuragus;SU;39.77664;9.03864
Nurallao;SU;39.79497;9.07838
Nuraminis;SU;39.44163;9.01320
Nureci;OR;39.82410;8.97397
Nurri;SU;39.71080;9.22862
Nus;AO;45.73921;7.46694
Nusco;AV;40.88614;15.08447
Nuvolento;BS;45.54783;10.38328
Nuvolera;BS;45.53333;10.37016
Nuxis;SU;39.15524;8.73994
Occhieppo Inferiore;BI;45.55322;8.02256
Occhieppo Superiore;BI;45.56478;8.00472
Occhiobello;RO;44.91937;11.57945
Occimiano;AL;45.06018;8.50666
Ocre;AQ;42.28382;13.47303
Odalengo Grande;AL;45.10952;8.16672
Odalengo Piccolo;AL;45.07193;8.20952
Oderzo;TV;45.78089;12.49313
Odolo;BS;45.64856;10.38825
Ofena;AQ;42.32815;13.75886
Offagna;AN;43.52726;13.44148
Offanengo;CR;45.38160;9.74132
Offida;AP;42.93520;13.69193
Offlaga;BS;45.38652;10.11631
Oggebbio;VB;45.99691;8.65288
Oggiona con Santo Stefano;VA;45.69730;8.81847
Oggiono;LC;45.79191;9.35098
Oglianico;TO;45.34257;7.69274
Ogliastro Cilento;SA;40.35113;15.04638
Olbia;SS;40.92318;9.50486
Olcenengo;VC;45.36359;8.31139
Oldenico;VC;45.40235;8.38272
Oleggio;NO;45.59669;8.63736
Oleggio Castello;NO;45.74932;8.52971
Olevano Romano;RM;41.86073;13.03248
Olevano di Lomellina;PV;45.21322;8.71747
Olevano sul Tusciano;SA;40.65736;15.02199
Olgiate Comasco;CO;45.78583;8.96748
Olgiate Molgora;LC;45.72978;9.40299
Olgiate Olona;VA;45.62777;8.89079
Olginate;LC;45.80228;9.41032
Oliena;NU;40.27132;9.40595
Oliva Gessi;PV;45.00533;9.17363
Olivadi;CZ;38.72581;16.42099
Oliveri;ME;38.12463;15.05948
Oliveto Citra;SA;40.69162;15.23612
Oliveto Lario;LC;45.92998;9.28397
Oliveto Lucano;MT;40.53626;16.18510
Olivetta San Michele;IM;43.87981;7.51550
Olivola;AL;45.03769;8.36696
Ollastra;OR;39.95123;8.73467
Ollolai;NU;40.16919;9.18122
Ollomont;AO;45.84910;7.31090
Olmedo;SS;40.65004;8.38262
Olmeneta;CR;45.23447;10.02474
Olmo Gentile;AT;44.58556;8.24703
Olmo al Brembo;BG;45.96954;9.64894
Oltre il Colle;BG;45.89272;9.76684
Oltressenda Alta;BG;45.91448;9.94422
Oltrona di San Mamette;CO;45.75806;8.97598
Olzai;NU;40.18285;9.14888
Ome;BS;45.62490;10.12416
Omegna;VB;45.87562;8.40893
Omignano;SA;40.24932;15.08407
Onano;VT;42.69372;11.81498
Onanì;NU;40.48439;9.44087
Oncino;CN;44.67650;7.19025
Oneta;BG;45.87142;9.81928
Onifai;NU;40.40720;9.65132
Oniferi;NU;40.27218;9.17026
Ono San Pietro;BS;46.01645;10.32924
Onore;BG;45.89258;10.00998
Onzo;SV;44.06959;8.05141
Opera;MI;45.37791;9.21146
Opi;AQ;41.77947;13.83000
Oppeano;VR;45.30790;11.17835
Oppido Lucano;PZ;40.76600;15.99007
Oppido Mamertina;RC;38.29261;15.98560
Ora;BZ;46.34812;11.29832
Orani;NU;40.25007;9.17746
Oratino;CB;41.58604;14.58452
Orbassano;TO;45.00703;7.53696
Orbetello;GR;42.43737;11.20943
Orciano Pisano;PI;43.49126;10.51011
Orco Feglino;SV;44.21957;8.32516
Ordona;FG;41.31537;15.62856
Orero;GE;44.40723;9.27460
Orgiano;VI;45.35159;11.46648
Orgosolo;NU;40.20532;9.35551
Oria;BR;40.50271;17.64607
Oricola;AQ;42.04988;13.03890
Origgio;VA;45.59963;9.01782
Orino;VA;45.88179;8.71293
Orio Canavese;TO;45.32849;7.86030
Orio Litta;LO;45.15721;9.55531
Orio al Serio;BG;45.67573;9.69151
Oriolo;CS;40.05294;16.44449
Oriolo Romano;VT;42.15846;12.13807
Oristano;OR;39.90381;8.59118
Ormea;CN;44.14859;7.91069
Ormelle;TV;45.77874;12.42014
Ornago;MB;45.59832;9.42201
Ornavasso;VB;45.96919;8.41577
Ornica;BG;45.98891;9.57845
Orosei;NU;40.37860;9.69713
Orotelli;NU;40.30282;9.11228
Orria;SA;40.29944;15.17141
Orroli;SU;39.69394;9.25194
Orsago;TV;45.93088;12.42360
Orsara Bormida;AL;44.69009;8.56244
Orsara di Puglia;FG;41.28115;15.26581
Orsenigo;CO;45.77830;9.18506
Orsogna;CH;42.21867;14.28210
Orsomarso;CS;39.79908;15.90785
Orta Nova;FG;41.32606;15.70726
Orta San Giulio;NO;45.79916;8.40568
Orta di Atella;CE;40.96645;14.26935
Ortacesus;SU;39.53645;9.08563
Orte;VT;42.46045;12.38639
Ortelle;LE;40.03424;18.39302
Ortezzano;FM;43.03158;13.60750
Ortignano Raggiolo;AR;43.68151;11.75251
Ortisei;BZ;46.57611;11.67180
Ortona;CH;42.35564;14.40348
Ortona dei Marsi;AQ;41.99781;13.72917
Ortovero;SV;44.05383;8.09109
Ortucchio;AQ;41.95488;13.64541
Ortueri;NU;40.03608;8.98548
Orune;NU;40.40613;9.36974
Orvieto;TR;42.71818;12.10831
Orvinio;RI;42.13156;12.93747
Orzinuovi;BS;45.40250;9.92177
Orzivecchi;BS;45.42089;9.96045
Osasco;TO;44.84947;7.34317
Osasio;TO;44.86946;7.60753
Oschiri;SS;40.71948;9.09839
Osidda;NU;40.52415;9.21879
Osiglia;SV;44.28079;8.20062
Osilo;SS;40.74402;8.67133
Osimo;AN;43.48619;13.48191
Osini;NU;39.82200;9.49729
Osio Sopra;BG;45.62977;9.59192
Osio Sotto;BG;45.61618;9.59271
Osnago;LC;45.67573;9.38802
Osoppo;UD;46.25421;13.08076
Ospedaletti;IM;43.80074;7.71770
Ospedaletto;TN;46.04363;11.55290
Ospedaletto Euganeo;PD;45.22253;11.61059
Ospedaletto Lodigiano;LO;45.16923;9.58096
Ospedaletto d'Alpinolo;AV;40.93919;14.74555
Ospitale di Cadore;BL;46.32910;12.32348
Ospitaletto;BS;45.55686;10.07517
Ossago Lodigiano;LO;45.24487;9.53648
Ossana;TN;46.30628;10.73804
Ossi;SS;40.67634;8.59067
Ossimo;BS;45.94575;10.22848
Ossona;MI;45.50399;8.89458
Ostana;CN;44.69222;7.18848
Ostellato;FE;44.74541;11.94083
Ostiano;CR;45.22180;10.24873
Ostiglia;MN;45.06891;11.13143
Ostra;AN;43.61268;13.15839
Ostra Vetere;AN;43.60371;13.05736
Ostuni;BR;40.73220;17.57783
Otranto;LE;40.14635;18.49114
Otricoli;TR;42.42334;12.47830
Ottana;NU;40.23499;9.04544
Ottati;SA;40.46332;15.31534
Ottaviano;NA;40.84936;14.47744
Ottiglio;AL;45.05183;8.33915
Ottobiano;PV;45.15127;8.83215
Ottone;PC;44.62242;9.33212
Oulx;TO;45.03127;6.83222
Ovada;AL;44.63747;8.64639
Ovaro;UD;46.48426;12.86519
Oviglio;AL;44.85980;8.48672
Ovindoli;AQ;42.13312;13.51768
Ovodda;NU;40.09619;9.16097
Oyace;AO;45.85070;7.38251
Ozegna;TO;45.34901;7.74313
Ozieri;SS;40.58498;8.99838
Ozzano Monferrato;AL;45.10189;8.37623
Ozzano dell'Emilia;BO;44.44484;11.47820
Ozzero;MI;45.36877;8.92293
Pabillonis;SU;39.59572;8.71933
Pace del Mela;ME;38.18013;15.30570
Paceco;TP;37.98109;12.55710
Pacentro;AQ;42.05108;13.99339
Pachino;SR;36.71609;15.09315
Paciano;PG;43.02209;12.07101
Padenghe sul Garda;BS;45.50945;10.50836
Paderna;AL;44.82073;8.89000
Paderno Dugnano;MI;45.56855;9.16607
Paderno Franciacorta;BS;45.59041;10.07776
Paderno Ponchielli;CR;45.23876;9.92758
Paderno d'Adda;LC;45.68025;9.44739
Padova;PD;45.40693;11.87609
Padria;SS;40.39801;8.63044
Padru;SS;40.76705;9.52254
Padula;SA;40.34105;15.65952
Paduli;BN;41.16860;14.88730
Paesana;CN;44.68545;7.27656
Paese;TV;45.67164;12.15354
Pagani;SA;40.74107;14.61944
Paganico Sabino;RI;42.18955;12.99749
Pagazzano;BG;45.53359;9.67331
Pagliara;ME;37.98659;15.35950
Paglieta;CH;42.16271;14.49852
Pagnacco;UD;46.12418;13.18812
Pagno;CN;44.61374;7.42994
Pagnona;LC;46.05982;9.40244
Pago Veiano;BN;41.24653;14.87351
Pago del Vallo di Lauro;AV;40.89678;14.60519
Paisco Loveno;BS;46.07887;10.29276
Paitone;BS;45.55300;10.39994
Paladina;BG;45.72721;9.60638
Palagano;MO;44.32072;10.64775
Palagianello;TA;40.61116;16.97802
Palagiano;TA;40.57851;17.03720
Palagonia;CT;37.32766;14.74576
Palaia;PI;43.60482;10.77308
Palanzano;PR;44.43535;10.19240
Palata;CB;41.88848;14.78674
Palau;SS;41.17769;9.38303
Palazzago;BG;45.75123;9.53731
Palazzo Adriano;PA;37.68162;13.37966
Palazzo Canavese;TO;45.45748;7.97805
Palazzo Pignano;CR;45.38905;9.57793
Palazzo San Gervasio;PZ;40.93061;15.98079
Palazzolo Acreide;SR;37.06188;14.90383
Palazzolo Vercellese;VC;45.18450;8.23282
Palazzolo dello Stella;UD;45.80437;13.07946
Palazzolo sull'Oglio;BS;45.59848;9.88582
Palazzuolo sul Senio;FI;44.11227;11.54729
Palena;CH;41.98345;14.13777
Palermiti;CZ;38.74827;16.45199
Palermo;PA;38.11570;13.36236
Palestrina;RM;41.83943;12.88916
Palestro;PV;45.30584;8.53468
Paliano;FR;41.80489;13.05934
Palizzi;RC;37.91928;15.98332
Pallagorio;KR;39.30832;16.91335
Pallanzeno;VB;46.04347;8.25786
Pallare;SV;44.32763;8.27496
Palma Campania;NA;40.86703;14.55634
Palma di Montechiaro;AG;37.19168;13.76368
Palmanova;UD;45.90476;13.30987
Palmariggi;LE;40.13163;18.38131
Palmas Arborea;OR;39.87600;8.64568
Palmi;RC;38.35738;15.84982
Palmiano;AP;42.89932;13.45855
Palmoli;CH;41.93877;14.58073
Palo del Colle;BA;41.05665;16.70401
Palombara Sabina;RM;42.06655;12.76511
Palombaro;CH;42.12414;14.22996
Palomonte;SA;40.66016;15.29174
Palosco;BG;45.58347;9.83787
Paludi;CS;39.53102;16.67857
Paluzza;UD;46.52895;13.01543
Palù;VR;45.32469;11.15457
Palù del Fersina;TN;46.12991;11.35213
Pamparato;CN;44.27713;7.91385
Pancalieri;TO;44.83047;7.58816
Pancarana;PV;45.07523;9.05106
Panchià;TN;46.28568;11.54223
Pandino;CR;45.40668;9.55269
Panettieri;CS;39.06007;16.45375
Panicale;PG;43.02936;12.10063
Pannarano;BN;41.01129;14.70242
Panni;FG;41.22026;15.27708
Pantelleria;TP;36.83189;11.94474
Pantigliate;MI;45.43969;9.35393
Paola;CS;39.35994;16.04152
Paolisi;BN;41.03731;14.57918
Papasidero;CS;39.87159;15.90581
Papozze;RO;44.98787;12.03106
Parabiago;MI;45.55801;8.95239
Parabita;LE;40.04541;18.12660
Paratico;BS;45.66160;9.95762
Parcines;BZ;46.68442;11.07351
Parella;TO;45.42999;7.79103
Parenti;CS;39.16280;16.41276
Parete;CE;40.95651;14.16422
Pareto;AL;44.51574;8.38287
Parghelia;VV;38.68184;15.92424
Parlasco;LC;46.01813;9.34538
Parma;PR;44.80107;10.32835
Parodi Ligure;AL;44.67082;8.75862
Paroldo;CN;44.43167;8.07132
Parolise;AV;40.93089;14.88242
Parona;PV;45.28261;8.74982
Parrano;TR;42.86353;12.10570
Parre;BG;45.87707;9.89190
Partanna;TP;37.72140;12.88966
Partinico;PA;38.04808;13.11522
Paruzzaro;NO;45.74869;8.51346
Parzanica;BG;45.73811;10.03590
Pasian di Prato;UD;46.04925;13.19080
Pasiano di Pordenone;PN;45.85133;12.62742
Paspardo;BS;46.02987;10.37106
Passerano Marmorito;AT;45.05639;8.01879
Passignano sul Trasimeno;PG;43.18495;12.13688
Passirano;BS;45.59815;10.06403
Pastena;FR;41.46795;13.49202
Pastorano;CE;41.18228;14.20148
Pastrengo;VR;45.49218;10.80027
Pasturana;AL;44.75068;8.74904
Pasturo;LC;45.95138;9.44344
Paterno;PZ;40.37741;15.73215
Paterno Calabro;CS;39.22515;16.26310
Paternopoli;AV;40.97417;15.03493
Paternò;CT;37.57697;14.90252
Patrica;FR;41.59213;13.24387
Pattada;SS;40.58281;9.11210
Patti;ME;38.13978;14.96404
Patù;LE;39.83965;18.33874
Pau;OR;39.79272;8.80310
Paularo;UD;46.53032;13.11669
Pauli Arbarei;SU;39.66034;8.92265
Paulilatino;OR;40.08656;8.76049
Paullo;MI;45.41702;9.39940
Paupisi;BN;41.19662;14.66457
Pavarolo;TO;45.06893;7.83476
Pavia;PV;45.18509;9.16016
Pavia di Udine;UD;45.97819;13.28122
Pavone Canavese;TO;45.43526;7.85398
Pavone del Mella;BS;45.30332;10.20805
Pavullo nel Frignano;MO;44.33947;10.83399
Pazzano;RC;38.47716;16.45052
Peccioli;PI;43.54801;10.72105
Pecetto Torinese;TO;45.01956;7.74870
Pecetto di Valenza;AL;44.98972;8.67047
Pedara;CT;37.61720;15.06022
Pedaso;FM;43.09802;13.84092
Pedavena;BL;46.03939;11.88144
Pedemonte;VI;45.90852;11.30588
Pederobba;TV;45.86084;11.98582
Pedesina;SO;46.08222;9.54953
Pedivigliano;CS;39.11034;16.30486
Pedrengo;BG;45.69843;9.73414
Peglio;CO;46.16018;9.29479
Peglio;PU;43.69604;12.49604
Pegognaga;MN;44.99610;10.85905
Peia;BG;45.79967;9.89708
Peio;TN;46.35529;10.68908
Pelago;FI;43.77025;11.50636
Pella;NO;45.79707;8.38312
Pellegrino Parmense;PR;44.73333;9.92684
Pellezzano;SA;40.72587;14.75783
Pellizzano;TN;46.30939;10.76057
Pelugo;TN;46.08811;10.72334
Penango;AT;45.03326;8.25013
Penna San Giovanni;MC;43.05657;13.42374
Penna Sant'Andrea;TE;42.59363;13.77151
Penna in Teverina;TR;42.49302;12.35539
Pennabilli;RN;43.81831;12.26477
Pennadomo;CH;42.00447;14.32326
Pennapiedimonte;CH;42.15198;14.19492
Penne;PE;42.45804;13.92739
Pentone;CZ;38.98499;16.58213
Perano;CH;42.10784;14.39650
Perarolo di Cadore;BL;46.39739;12.35530
Perca;BZ;46.79146;11.98322
Percile;RM;42.09466;12.91041
Perdasdefogu;NU;39.67798;9.44161
Perdaxius;SU;39.16149;8.60999
Perdifumo;SA;40.26694;15.01652
Pereto;AQ;42.05807;13.10151
Perfugas;SS;40.83024;8.88347
Pergine Valsugana;TN;46.06032;11.24049
Pergola;PU;43.56288;12.83599
Perinaldo;IM;43.86620;7.67424
Perito;SA;40.29854;15.14746
Perledo;LC;46.01529;9.29557
Perletto;CN;44.59900;8.21408
Perlo;CN;44.33309;8.08361
Perloz;AO;45.61311;7.80860
Pernumia;PD;45.25705;11.78694
Pero;MI;45.51080;9.08902
Perosa Argentina;TO;44.95810;7.19237
Perosa Canavese;TO;45.39716;7.82926
Perrero;TO;44.93746;7.11527
Persico Dosimo;CR;45.18462;10.10336
Pertengo;VC;45.23562;8.41763
Pertica Alta;BS;45.74265;10.34429
Pertica Bassa;BS;45.75333;10.37304
Pertosa;SA;40.54321;15.44853
Pertusio;TO;45.35340;7.63872
Perugia;PG;43.10676;12.38825
Pesaro;PU;43.91014;12.91346
Pescaglia;LU;43.96642;10.41128
Pescantina;VR;45.48256;10.86724
Pescara;PE;42.46458;14.21365
Pescarolo ed Uniti;CR;45.19704;10.18510
Pescasseroli;AQ;41.80863;13.78922
Pescate;LC;45.82997;9.39454
Pesche;IS;41.61124;14.28164
Peschici;FG;41.94660;16.01572
Peschiera Borromeo;MI;45.43177;9.31109
Peschiera del Garda;VR;45.43914;10.69194
Pescia;PT;43.90316;10.68859
Pescina;AQ;42.02607;13.66006
Pesco Sannita;BN;41.23436;14.81092
Pescocostanzo;AQ;41.89027;14.06578
Pescolanciano;IS;41.67886;14.33684
Pescopagano;PZ;40.83589;15.39692
Pescopennataro;IS;41.87825;14.29485
Pescorocchiano;RI;42.20606;13.14850
Pescosansonesco;PE;42.25404;13.88437
Pescosolido;FR;41.74972;13.65573
Pessano con Bornago;MI;45.55028;9.38762
Pessina Cremonese;CR;45.18504;10.24812
Pessinetto;TO;45.29054;7.40285
Petacciato;CB;42.01345;14.86010
Petilia Policastro;KR;39.11065;16.79271
Petina;SA;40.53140;15.37018
Petralia Soprana;PA;37.79634;14.10825
Petralia Sottana;PA;37.80594;14.09222
Petrella Salto;RI;42.29456;13.06836
Petrella Tifernina;CB;41.69133;14.69493
Petriano;PU;43.78031;12.73335
Petriolo;MC;43.22103;13.46563
Petritoli;FM;43.06699;13.65617
Petrizzi;CZ;38.70249;16.47401
Petronà;CZ;39.03948;16.75617
Petrosino;TP;37.71277;12.49232
Petruro Irpino;AV;41.03159;14.79729
Pettenasco;NO;45.81732;8.40858
Pettinengo;BI;45.61400;8.10530
Pettineo;ME;37.96661;14.29122
Pettoranello del Molise;IS;41.57358;14.27698
Pettorano sul Gizio;AQ;41.97281;13.96035
Pettorazza Grimani;RO;45.13602;11.98880
Peveragno;CN;44.33001;7.61714
Pezzana;VC;45.26206;8.48420
Pezzaze;BS;45.77493;10.23922
Pezzolo Valle Uzzone;CN;44.53928;8.19411
Piacenza;PC;45.05193;9.69263
Piacenza d'Adige;PD;45.12743;11.54716
Piaggine;SA;40.34318;15.37724
Pian Camuno;BS;45.84372;10.15748
Piana Crixia;SV;44.48527;8.30751
Piana degli Albanesi;PA;37.99447;13.28199
Piana di Monte Verna;CE;41.16756;14.33405
Piancastagnaio;SI;42.84944;11.69182
Piancogno;BS;45.91880;10.22051
Piandimeleto;PU;43.72416;12.41513
Piane Crati;CS;39.23480;16.32298
Pianella;PE;42.39631;14.04605
Pianello Val Tidone;PC;44.94837;9.40479
Pianello del Lario;CO;46.10038;9.27647
Pianengo;CR;45.40047;9.69281
Pianezza;TO;45.10062;7.54636
Pianezze;VI;45.73872;11.62486
Pianfei;CN;44.37049;7.70976
Pianico;BG;45.81100;10.04354
Pianiga;VE;45.45560;12.03004
Piano di Sorrento;NA;40.63390;14.41322
Pianopoli;CZ;38.95437;16.38918
Pianoro;BO;44.38511;11.34326
Piansano;VT;42.51789;11.82825
Piantedo;SO;46.13393;9.43150
Piario;BG;45.89596;9.92644
Piasco;CN;44.56856;7.45741
Piateda;SO;46.15975;9.93889
Piatto;BI;45.59180;8.13519
Piazza Armerina;EN;37.38421;14.36604
Piazza Brembana;BG;45.94632;9.67735
Piazza al Serchio;LU;44.18257;10.30002
Piazzatorre;BG;45.99001;9.68557
Piazzola sul Brenta;PD;45.54173;11.78645
Piazzolo;BG;45.97907;9.67228
Picciano;PE;42.47481;13.99135
Picerno;PZ;40.63710;15.63601
Picinisco;FR;41.64683;13.86717
Pico;FR;41.45171;13.55871
Piea;AT;45.02529;8.07209
Piedicavallo;BI;45.68961;7.95606
Piedimonte Etneo;CT;37.80767;15.17821
Piedimonte Matese;CE;41.35594;14.37422
Piedimonte San Germano;FR;41.49737;13.75034
Piedimulera;VB;46.02709;8.25981
Piegaro;PG;42.97051;12.08582
Pienza;SI;43.07633;11.67996
Pieranica;CR;45.42516;9.61072
Pietra Ligure;SV;44.14886;8.28283
Pietra Marazzi;AL;44.94414;8.67055
Pietra de' Giorgi;PV;45.02083;9.22976
Pietrabbondante;IS;41.74870;14.38776
Pietrabruna;IM;43.88997;7.90348
Pietracamela;TE;42.52323;13.55376
Pietracatella;CB;41.58157;14.87345
Pietracupa;CB;41.68229;14.52115
Pietradefusi;AV;41.03741;14.88931
Pietraferrazzana;CH;41.96963;14.37371
Pietrafitta;CS;39.26192;16.33876
Pietragalla;PZ;40.74811;15.88239
Pietralunga;PG;43.44219;12.43684
Pietramelara;CE;41.26686;14.18614
Pietramontecorvino;FG;41.54313;15.12978
Pietranico;PE;42.27624;13.91085
Pietrapaola;CS;39.48683;16.81598
Pietrapertosa;PZ;40.51565;16.06349
Pietraperzia;EN;37.42163;14.13691
Pietraporzio;CN;44.34401;7.03194
Pietraroja;BN;41.34732;14.54987
Pietrarubbia;PU;43.80420;12.37740
Pietrasanta;LU;43.95956;10.22769
Pietrastornina;AV;40.99204;14.72957
Pietravairano;CE;41.32195;14.16222
Pietrelcina;BN;41.19688;14.84875
Pieve Albignola;PV;45.11313;8.96031
Pieve Emanuele;MI;45.35118;9.19969
Pieve Fissiraga;LO;45.26269;9.45925
Pieve Fosciana;LU;44.13063;10.41069
Pieve Ligure;GE;44.37467;9.08689
Pieve Porto Morone;PV;45.11251;9.43846
Pieve San Giacomo;CR;45.12808;10.18674
Pieve Santo Stefano;AR;43.66850;12.04175
Pieve Tesino;TN;46.06901;11.61057
Pieve Torina;MC;43.04433;13.05039
Pieve Vergonte;VB;46.00556;8.26849
Pieve a Nievole;PT;43.87898;10.79466
Pieve d'Olmi;CR;45.09183;10.12206
Pieve del Cairo;PV;45.04897;8.80510
Pieve di Bono-Prezzo;TN;45.94310;10.64130
Pieve di Cadore;BL;46.42937;12.37484
Pieve di Cento;BO;44.71363;11.30700
Pieve di Soligo;TV;45.90001;12.17468
Pieve di Teco;IM;44.04700;7.91522
Pievepelago;MO;44.20703;10.61698
Piglio;FR;41.83016;13.14555
Pigna;IM;43.93301;7.66338
Pignataro Interamna;FR;41.43728;13.78895
Pignataro Maggiore;CE;41.18929;14.17125
Pignola;PZ;40.57403;15.78496
Pignone;SP;44.17916;9.72405
Pigra;CO;45.95735;9.12646
Pila;VC;45.77025;8.08082
Pimentel;SU;39.48453;9.06560
Pimonte;NA;40.67369;14.51345
Pinarolo Po;PV;45.06603;9.16481
Pinasca;TO;44.94266;7.22767
Pincara;RO;44.99305;11.61154
Pinerolo;TO;44.88733;7.33200
Pineto;TE;42.60828;14.06747
Pino Torinese;TO;45.04352;7.77217
Pino d'Asti;AT;45.05819;7.98626
Pinzano al Tagliamento;PN;46.18314;12.94601
Pinzolo;TN;46.16001;10.76661
Piobbico;PU;43.58882;12.51035
Piobesi Torinese;TO;44.93306;7.61193
Piobesi d'Alba;CN;44.73491;7.97851
Piode;VC;45.76977;8.05309
Pioltello;MI;45.49678;9.32814
Piombino;LI;42.92197;10.52741
Piombino Dese;PD;45.60764;11.99851
Pioraco;MC;43.17878;12.98484
Piossasco;TO;44.99070;7.46276
Piove di Sacco;PD;45.29611;12.03516
Piovene Rocchette;VI;45.75878;11.43021
Piovà Massaia;AT;45.05449;8.05094
Piozzano;PC;44.92540;9.49437
Piozzo;CN;44.51576;7.89242
Piraino;ME;38.16190;14.86317
Pisa;PI;43.71553;10.40127
Pisano;NO;45.79355;8.51044
Piscina;TO;44.91946;7.42590
Piscinas;SU;39.07544;8.66600
Pisciotta;SA;40.10773;15.23371
Pisogne;BS;45.80480;10.10890
Pisoniano;RM;41.90815;12.95900
Pisticci;MT;40.39073;16.55864
Pistoia;PT;43.93346;10.91734
Pitigliano;GR;42.63492;11.66942
Piubega;MN;45.22757;10.53503
Piuro;SO;46.32947;9.42085
Piverone;TO;45.44754;8.00710
Pizzale;PV;45.03431;9.04731
Pizzighettone;CR;45.18665;9.78313
Pizzo;VV;38.73591;16.16159
Pizzoferrato;CH;41.92228;14.23727
Pizzoli;AQ;42.43621;13.29540
Pizzone;IS;41.66678;14.03575
Pizzoni;VV;38.62342;16.24949
Placanica;RC;38.40980;16.45345
Plataci;CS;39.90070;16.43148
Platania;CZ;39.00442;16.31877
Platì;RC;38.22028;16.04397
Plaus;BZ;46.65569;11.04237
Plesio;CO;46.04418;9.22786
Ploaghe;SS;40.66573;8.74930
Plodio;SV;44.35653;8.24352
Pocapaglia;CN;44.71946;7.88719
Pocenia;UD;45.83723;13.09849
Podenzana;MS;44.20637;9.94122
Podenzano;PC;44.95486;9.68531
Pofi;FR;41.56545;13.41528
Poggiardo;LE;40.05343;18.37686
Poggibonsi;SI;43.46687;11.14663
Poggio Bustone;RI;42.50214;12.88580
Poggio Catino;RI;42.29507;12.69181
Poggio Imperiale;FG;41.82190;15.36586
Poggio Mirteto;RI;42.26459;12.68365
Poggio Moiano;RI;42.20187;12.87712
Poggio Nativo;RI;42.21582;12.79533
Poggio Picenze;AQ;42.32068;13.54220
Poggio Renatico;FE;44.76471;11.48545
Poggio Rusco;MN;44.97743;11.11882
Poggio San Lorenzo;RI;42.25290;12.84551
Poggio San Marcello;AN;43.51160;13.07705
Poggio San Vicino;MC;43.37471;13.07884
Poggio Sannita;IS;41.77861;14.41318
Poggio Torriana;RN;43.98500;12.38680
Poggio a Caiano;PO;43.81629;11.05585
Poggiodomo;PG;42.71168;12.93472
Poggiofiorito;CH;42.25411;14.32128
Poggiomarino;NA;40.79867;14.54081
Poggioreale;TP;37.76215;13.03394
Poggiorsini;BA;40.91494;16.25245
Poggiridenti;SO;46.17587;9.92866
Pogliano Milanese;MI;45.53726;8.99355
Pognana Lario;CO;45.87740;9.15784
Pognano;BG;45.58590;9.64199
Pogno;NO;45.75667;8.38307
Poirino;TO;44.92120;7.84362
Pojana Maggiore;VI;45.29207;11.50138
Polaveno;BS;45.66120;10.12425
Polcenigo;PN;46.03057;12.50174
Polesella;RO;44.96255;11.75509
Polesine Zibello;PR;45.01940;10.13070
Poli;RM;41.88717;12.89329
Polia;VV;38.75092;16.31405
Policoro;MT;40.20872;16.66969
Polignano a Mare;BA;40.99216;17.21913
Polinago;MO;44.34436;10.72311
Polino;TR;42.58481;12.84380
Polistena;RC;38.40797;16.07618
Polizzi Generosa;PA;37.81291;13.99947
Polla;SA;40.51420;15.49326
Pollein;AO;45.72805;7.35717
Pollena Trocchia;NA;40.85809;14.37874
Pollenza;MC;43.26782;13.34760
Pollica;SA;40.19071;15.05734
Pollina;PA;37.99425;14.14658
Pollone;BI;45.58354;8.00093
Pollutri;CH;42.13730;14.59413
Polonghera;CN;44.80335;7.59607
Polpenazze del Garda;BS;45.54719;10.50463
Polverara;PD;45.31061;11.95740
Polverigi;AN;43.52521;13.39412
Pomarance;PI;43.30012;10.87382
Pomaretto;TO;44.95507;7.18220
Pomarico;MT;40.51782;16.54625
Pomaro Monferrato;AL;45.06392;8.59519
Pomarolo;TN;45.92680;11.04306
Pombia;NO;45.64927;8.63239
Pomezia;RM;41.67003;12.50163
Pomigliano d'Arco;NA;40.90690;14.39336
Pompei;NA;40.74842;14.50001
Pompeiana;IM;43.85278;7.88853
Pompiano;BS;45.43278;9.98715
Pomponesco;MN;44.92807;10.59042
Pompu;OR;39.72488;8.79572
Poncarale;BS;45.46051;10.17396
Ponderano;BI;45.53855;8.05681
Ponna;CO;45.98964;9.09401
Ponsacco;PI;43.62021;10.63361
Ponso;PD;45.19215;11.58636
Pont-Canavese;TO;45.42073;7.59357
Pont-Saint-Martin;AO;45.59981;7.79780
Pontassieve;FI;43.77581;11.43987
Pontboset;AO;45.60643;7.68765
Ponte;BN;41.21302;14.68997
Ponte Buggianese;PT;43.84276;10.74745
Ponte Gardena;BZ;46.59707;11.53034
Ponte Lambro;CO;45.82699;9.22492
Ponte Nizza;PV;44.85187;9.09737
Ponte Nossa;BG;45.86954;9.88740
Ponte San Nicolò;PD;45.36412;11.93066
Ponte San Pietro;BG;45.69899;9.58690
Ponte dell'Olio;PC;44.86790;9.64285
Ponte di Legno;BS;46.25647;10.51146
Ponte di Piave;TV;45.71602;12.46396
Ponte in Valtellina;SO;46.17439;9.97749
Ponte nelle Alpi;BL;46.17300;12.30136
Pontebba;UD;46.50664;13.30384
Pontecagnano Faiano;SA;40.64297;14.87340
Pontecchio Polesine;RO;45.01917;11.81157
Pontechianale;CN;44.62199;7.02831
Pontecorvo;FR;41.45740;13.66537
Pontecurone;AL;44.95884;8.93594
Pontedassio;IM;43.94044;8.01269
Pontedera;PI;43.66393;10.63601
Pontelandolfo;BN;41.28850;14.69074
Pontelatone;CE;41.19344;14.25105
Pontelongo;PD;45.25029;12.01911
Pontenure;PC;44.99964;9.78615
Ponteranica;BG;45.73074;9.65476
Pontestura;AL;45.14364;8.33254
Pontevico;BS;45.27360;10.08503
Pontey;AO;45.73790;7.59135
Ponti;AL;44.62742;8.36523
Ponti sul Mincio;MN;45.41156;10.68746
Pontida;BG;45.73148;9.50045
Pontinia;LT;41.40823;13.04403
Pontinvrea;SV;44.44490;8.43457
Pontirolo Nuovo;BG;45.56867;9.56781
Pontoglio;BS;45.57062;9.85265
Pontremoli;MS;44.37739;9.88295
Ponza;LT;40.89487;12.96868
Ponzano Monferrato;AL;45.08446;8.26622
Ponzano Romano;RM;42.25820;12.57186
Ponzano Veneto;TV;45.71909;12.20711
Ponzano di Fermo;FM;43.10192;13.65864
Ponzone;AL;44.58641;8.45961
Popoli;PE;42.17117;13.83311
Poppi;AR;43.72454;11.76531
Porano;TR;42.68703;12.10199
Porcari;LU;43.83966;10.61671
Porcia;PN;45.95806;12.61375
Pordenone;PN;45.95444;12.66003
Porlezza;CO;46.03641;9.11981
Pornassio;IM;44.07027;7.87095
Porpetto;UD;45.85923;13.21547
Portacomaro;AT;44.95711;8.25851
Portalbera;PV;45.09941;9.32260
Porte;TO;44.88757;7.26799
Porte di Rendena;TN;46.06260;10.71210
Portici;NA;40.82376;14.35421
Portico di Caserta;CE;41.05649;14.28054
Portico e San Benedetto;FC;44.02587;11.78092
Portigliola;RC;38.22769;16.20285
Porto Azzurro;LI;42.76458;10.39873
Porto Ceresio;VA;45.90402;8.90628
Porto Cesareo;LE;40.26035;17.89966
Porto Empedocle;AG;37.28847;13.52747
Porto Mantovano;MN;45.18878;10.79001
Porto Recanati;MC;43.42983;13.66489
Porto San Giorgio;FM;43.18444;13.79639
Porto Sant'Elpidio;FM;43.25799;13.75807
Porto Tolle;RO;44.95253;12.33458
Porto Torres;SS;40.83723;8.40123
Porto Valtravaglia;VA;45.96082;8.68034
Porto Viro;RO;45.02597;12.21812
Portobuffolè;TV;45.85392;12.53845
Portocannone;CB;41.91426;15.01220
Portoferraio;LI;42.81527;10.33120
Portofino;GE;44.30409;9.20723
Portogruaro;VE;45.77577;12.83741
Portomaggiore;FE;44.69781;11.80578
Portopalo di Capo Passero;SR;36.68333;15.13397
Portoscuso;SU;39.20388;8.37902
Portovenere;SP;44.05579;9.83701
Portula;BI;45.67532;8.17908
Posada;NU;40.63326;9.71800
Posina;VI;45.79039;11.26119
Positano;SA;40.62889;14.48362
Possagno;TV;45.85469;11.88144
Posta;RI;42.52345;13.09624
Posta Fibreno;FR;41.69339;13.69688
Postal;BZ;46.60963;11.19155
Postalesio;SO;46.17378;9.77656
Postiglione;SA;40.55724;15.23304
Postua;VC;45.71419;8.23150
Potenza;PZ;40.63947;15.80515
Potenza Picena;MC;43.36626;13.62026
Pove del Grappa;VI;45.79890;11.72905
Povegliano;TV;45.75996;12.20589
Povegliano Veronese;VR;45.34726;10.88093
Poviglio;RE;44.84081;10.54152
Povoletto;UD;46.11810;13.29846
Pozzaglia Sabina;RI;42.15979;12.96455
Pozzaglio ed Uniti;CR;45.20097;10.04847
Pozzallo;RG;36.72659;14.84616
Pozzilli;IS;41.51146;14.06192
Pozzo d'Adda;MI;45.57395;9.49955
Pozzol Groppo;AL;44.87746;9.02931
Pozzolengo;BS;45.40286;10.62709
Pozzoleone;VI;45.64912;11.67926
Pozzolo Formigaro;AL;44.79387;8.78155
Pozzomaggiore;SS;40.39932;8.65658
Pozzonovo;PD;45.19826;11.79015
Pozzuoli;NA;40.84682;14.09089
Pozzuolo Martesana;MI;45.51240;9.45200
Pozzuolo del Friuli;UD;45.98408;13.19657
Pradalunga;BG;45.74797;9.78433
Pradamano;UD;46.03125;13.29943
Pradleves;CN;44.41860;7.28209
Pragelato;TO;45.01628;6.94229
Praia a Mare;CS;39.89532;15.77978
Praiano;SA;40.61145;14.53258
Pralboino;BS;45.26809;10.21488
Prali;TO;44.89041;7.04904
Pralormo;TO;44.86136;7.90066
Pralungo;BI;45.59093;8.03806
Pramaggiore;VE;45.81219;12.73462
Pramollo;TO;44.90459;7.21170
Prarolo;VC;45.28223;8.47934
Prarostino;TO;44.86584;7.26972
Prasco;AL;44.64241;8.55285
Prascorsano;TO;45.36766;7.61571
Prata Camportaccio;SO;46.30639;9.39500
Prata Sannita;CE;41.43227;14.20345
Prata d'Ansidonia;AQ;42.27824;13.60628
Prata di Pordenone;PN;45.89394;12.59726
Prata di Principato Ultra;AV;40.98650;14.83708
Pratella;CE;41.40579;14.17913
Pratiglione;TO;45.35365;7.59609
Prato;PO;43.88062;11.09703
Prato Carnico;UD;46.52015;12.79766
Prato Sesia;NO;45.64788;8.37377
Prato allo Stelvio;BZ;46.61756;10.58959
Pratola Peligna;AQ;42.09736;13.87243
Pratola Serra;AV;40.98540;14.85232
Pratovecchio Stia;AR;43.79820;11.70840
Pravisdomini;PN;45.81756;12.69215
Pray;BI;45.67617;8.20873
Prazzo;CN;44.48308;7.05543
Precenicco;UD;45.78971;13.07871
Preci;PG;42.87868;13.03872
Predaia;TN;46.32340;11.07310
Predappio;FC;44.10181;11.98050
Predazzo;TN;46.31256;11.60278
Predoi;BZ;47.03850;12.10287
Predore;BG;45.68066;10.01950
Predosa;AL;44.75273;8.65924
Preganziol;TV;45.60142;12.23509
Pregnana Milanese;MI;45.51744;9.01002
Prelà;IM;43.92622;7.93699
Premana;LC;46.05224;9.42311
Premariacco;UD;46.05897;13.39425
Premeno;VB;45.97712;8.59146
Premia;VB;46.26884;8.33953
Premilcuore;FC;43.97642;11.77569
Premolo;BG;45.86860;9.87533
Premosello-Chiovenda;VB;46.00274;8.32942
Preone;UD;46.39518;12.86798
Prepotto;UD;46.04593;13.47949
Preseglie;BS;45.66534;10.39293
Presenzano;CE;41.37746;14.07857
Presezzo;BG;45.69162;9.56671
Pressana;VR;45.28479;11.40198
Pretoro;CH;42.21678;14.14250
Prevalle;BS;45.54706;10.42122
Prezza;AQ;42.05775;13.83320
Priero;CN;44.37662;8.09242
Prignano Cilento;SA;40.32987;15.06923
Prignano sulla Secchia;MO;44.43599;10.68952
Primaluna;LC;45.98688;9.42947
Primiero San Martino di Castrozza;TN;46.17710;11.82980
Priocca;CN;44.79131;8.06273
Priola;CN;44.24598;8.02242
Priolo Gargallo;SR;37.15942;15.18829
Priverno;LT;41.47400;13.18065
Prizzi;PA;37.72165;13.43099
Proceno;VT;42.75721;11.83044
Procida;NA;40.76579;14.02404
Propata;GE;44.56472;9.18488
Proserpio;CO;45.82765;9.24887
Prossedi;LT;41.51691;13.26106
Provaglio Val Sabbia;BS;45.68858;10.43393
Provaglio d'Iseo;BS;45.63778;10.04215
Proves;BZ;46.47618;11.02232
Provvidenti;CB;41.71856;14.82236
Prunetto;CN;44.48945;8.14431
Pré-Saint-Didier;AO;45.76376;6.98635
Puegnago del Garda;BS;45.57047;10.50991
Puglianello;BN;41.22179;14.45023
Pula;CA;39.01070;9.00077
Pulfero;UD;46.17324;13.48427
Pulsano;TA;40.38297;17.35250
Pumenengo;BG;45.48030;9.86773
Pusiano;CO;45.81478;9.28214
Putifigari;SS;40.56251;8.46066
Putignano;BA;40.84964;17.11910
Quadrelle;AV;40.94710;14.63819
Quadri;CH;41.92582;14.28838
Quagliuzzo;TO;45.42649;7.78184
Qualiano;NA;40.92020;14.15087
Quaranti;AT;44.75105;8.44908
Quargnento;AL;44.94484;8.48771
Quarna Sopra;VB;45.87305;8.37224
Quarna Sotto;VB;45.86823;8.36388
Quarona;VC;45.75985;8.26542
Quarrata;PT;43.84759;10.97861
Quart;AO;45.74068;7.41560
Quarto;NA;40.87770;14.14351
Quarto d'Altino;VE;45.58155;12.37143
Quartu Sant'Elena;CA;39.24108;9.18534
Quartucciu;CA;39.25428;9.18003
Quassolo;TO;45.52493;7.83248
Quattordio;AL;44.89921;8.40599
Quattro Castella;RE;44.63577;10.47269
Quero Vas;BL;45.94050;11.92080
Quiliano;SV;44.29342;8.41138
Quincinetto;TO;45.56081;7.80577
Quindici;AV;40.86251;14.64824
Quingentole;MN;45.03988;11.04575
Quintano;CR;45.42024;9.61844
Quinto Vercellese;VC;45.38048;8.36218
Quinto Vicentino;VI;45.57306;11.62503
Quinto di Treviso;TV;45.64600;12.16602
Quinzano d'Oglio;BS;45.31369;10.00872
Quistello;MN;45.00907;10.98044
Rabbi;TN;46.39825;10.85066
Racale;LE;39.95746;18.09060
Racalmuto;AG;37.40771;13.73142
Racconigi;CN;44.76782;7.67598
Raccuja;ME;38.05561;14.91065
Racines;BZ;46.88271;11.37851
Radda in Chianti;SI;43.48654;11.37441
Raddusa;CT;37.47292;14.53173
Radicofani;SI;42.89699;11.76638
Radicondoli;SI;43.26112;11.04132
Raffadali;AG;37.40490;13.53109
Ragalna;CT;37.63013;14.93914
Ragogna;UD;46.17713;12.97823
Ragusa;RG;36.92509;14.73070
Raiano;AQ;42.10280;13.80833
Ramacca;CT;37.38487;14.69378
Rancio Valcuvia;VA;45.91633;8.77020
Ranco;VA;45.79845;8.57473
Randazzo;CT;37.87791;14.94605
Ranica;BG;45.72696;9.71461
Ranzanico;BG;45.78860;9.93612
Ranzo;IM;44.05956;8.01447
Rapagnano;FM;43.16101;13.59280
Rapallo;GE;44.35017;9.23175
Rapino;CH;42.21170;14.18759
Rapolano Terme;SI;43.28653;11.60416
Rapolla;PZ;40.97718;15.67282
Rapone;PZ;40.84647;15.49812
Rassa;VC;45.76863;8.01419
Rasun-Anterselva;BZ;46.78077;12.04933
Rasura;SO;46.10074;9.55292
Ravanusa;AG;37.26824;13.97248
Ravarino;MO;44.72447;11.10000
Ravascletto;UD;46.52562;12.92223
Ravello;SA;40.65284;14.61365
Ravenna;RA;44.41722;12.19914
Raveo;UD;46.43469;12.87001
Raviscanina;CE;41.37052;14.24282
Re;VB;46.13056;8.54437
Rea;PV;45.11387;9.15434
Realmonte;AG;37.30681;13.46279
Reana del Rojale;UD;46.14936;13.24368
Reano;TO;45.05171;7.42955
Recale;CE;41.05639;14.30302
Recanati;MC;43.40383;13.54884
Recco;GE;44.36219;9.14355
Recetto;NO;45.46081;8.43609
Recoaro Terme;VI;45.70512;11.22603
Redavalle;PV;45.03773;9.20402
Redondesco;MN;45.16667;10.51285
Refrancore;AT;44.93758;8.34271
Refrontolo;TV;45.92514;12.20793
Regalbuto;EN;37.65263;14.64080
Reggello;FI;43.68255;11.53638
Reggio di Calabria;RC;38.10923;15.64345
Reggio nell'Emilia;RE;44.69735;10.63008
Reggiolo;RE;44.91859;10.80428
Reino;BN;41.29228;14.82258
Reitano;ME;37.97308;14.34445
Remanzacco;UD;46.08524;13.32479
Remedello;BS;45.27890;10.37196
Renate;MB;45.72266;9.28467
Rende;CS;39.33154;16.18041
Renon;BZ;46.53671;11.46302
Resana;TV;45.63432;11.95553
Rescaldina;MI;45.61655;8.94755
Resia;UD;46.37347;13.30575
Resiutta;UD;46.39323;13.22010
Resuttano;CL;37.68013;14.03105
Retorbido;PV;44.94923;9.03635
Revello;CN;44.65466;7.38901
Revigliasco d'Asti;AT;44.85873;8.15836
Revine Lago;TV;45.99209;12.23175
Rezzago;CO;45.86673;9.24860
Rezzato;BS;45.51341;10.31849
Rezzo;IM;44.02031;7.87216
Rezzoaglio;GE;44.52571;9.38666
Rho;MI;45.52891;9.04022
Rhêmes-Notre-Dame;AO;45.56971;7.11853
Rhêmes-Saint-Georges;AO;45.65526;7.15525
Riace;RC;38.41806;16.48085
Rialto;SV;44.21961;8.27472
Riano;RM;42.09139;12.52273
Riardo;CE;41.26399;14.14904
Ribera;AG;37.50382;13.26866
Ribordone;TO;45.43161;7.50242
Ricadi;VV;38.62421;15.86639
Ricaldone;AL;44.73209;8.46963
Riccia;CB;41.48655;14.83638
Riccione;RN;44.00003;12.65506
Riccò del Golfo di Spezia;SP;44.15556;9.76342
Ricengo;CR;45.40555;9.72366
Ricigliano;SA;40.66809;15.48361
Riese Pio X;TV;45.72967;11.91677
Riesi;CL;37.28338;14.08221
Rieti;RI;42.40488;12.86206
Rifiano;BZ;46.70159;11.18034
Rifreddo;CN;44.65050;7.34910
Rignano Flaminio;RM;42.20974;12.48071
Rignano Garganico;FG;41.67717;15.58785
Rignano sull'Arno;FI;43.72206;11.45352
Rigolato;UD;46.54960;12.85407
Rimella;VC;45.90794;8.18259
Rimini;RN;44.06090;12.56563
Rio Saliceto;RE;44.80932;10.80290
Rio di Pusteria;BZ;46.79703;11.66780
Riofreddo;RM;42.06137;12.99949
Riola Sardo;OR;39.99655;8.53847
Riolo Terme;RA;44.27616;11.72455
Riolunato;MO;44.23049;10.65303
Riomaggiore;SP;44.09973;9.73815
Rionero Sannitico;IS;41.71225;14.13994
Rionero in Vulture;PZ;40.92700;15.67380
Ripa Teatina;CH;42.35748;14.23365
Ripabottoni;CB;41.68855;14.80653
Ripacandida;PZ;40.91285;15.72739
Ripalimosani;CB;41.61126;14.66280
Ripalta Arpina;CR;45.30163;9.72730
Ripalta Cremasca;CR;45.33549;9.69086
Ripalta Guerina;CR;45.30599;9.70454
Riparbella;PI;43.36468;10.59970
Ripatransone;AP;43.00017;13.76265
Ripe San Ginesio;MC;43.14305;13.36750
Ripi;FR;41.61272;13.42649
Riposto;CT;37.73182;15.20384
Rittana;CN;44.35057;7.40064
Riva Ligure;IM;43.83752;7.88171
Riva del Garda;TN;45.88504;10.83889
Riva di Solto;BG;45.77417;10.03938
Riva presso Chieri;TO;44.98628;7.86920
Rivalba;TO;45.11881;7.88704
Rivalta Bormida;AL;44.71138;8.55026
Rivalta di Torino;TO;45.03455;7.52329
Rivamonte Agordino;BL;46.25344;12.02448
Rivanazzano Terme;PV;44.93053;9.01645
Rivara;TO;45.33232;7.62506
Rivarolo Canavese;TO;45.33279;7.72522
Rivarolo Mantovano;MN;45.07056;10.43101
Rivarolo del Re ed Uniti;CR;45.02786;10.46879
Rivarone;AL;44.97766;8.71569
Rivarossa;TO;45.25128;7.71720
Rive;VC;45.21257;8.41832
Rive d'Arcano;UD;46.12595;13.03098
Rivello;PZ;40.07722;15.75776
Rivergaro;PC;44.91071;9.59756
Rivignano Teor;UD;45.86760;13.05260
Rivisondoli;AQ;41.87040;14.06636
Rivodutri;RI;42.51604;12.85515
Rivoli;TO;45.07063;7.53394
Rivoli Veronese;VR;45.57115;10.81251
Rivolta d'Adda;CR;45.46964;9.51357
Rizziconi;RC;38.41185;15.95876
Roana;VI;45.86856;11.47830
Roaschia;CN;44.27013;7.45614
Roascio;CN;44.41716;8.02255
Roasio;VC;45.60862;8.28893
Roatto;AT;44.95150;8.02661
Robassomero;TO;45.20008;7.57016
Robbiate;LC;45.68882;9.43981
Robbio;PV;45.28912;8.59396
Robecchetto con Induno;MI;45.53494;8.76292
Robecco Pavese;PV;45.04842;9.14865
Robecco d'Oglio;CR;45.26007;10.07860
Robecco sul Naviglio;MI;45.43757;8.89041
Robella;AT;45.10233;8.10006
Robilante;CN;44.29423;7.51116
Roburent;CN;44.30500;7.89021
Rocca Canavese;TO;45.30941;7.57854
Rocca Canterano;RM;41.95497;13.02387
Rocca Cigliè;CN;44.44409;7.95115
Rocca Grimalda;AL;44.67110;8.64729
Rocca Imperiale;CS;40.11057;16.57535
Rocca Massima;LT;41.67837;12.91986
Rocca Pia;AQ;41.93479;13.97694
Rocca Pietore;BL;46.43471;11.97754
Rocca Priora;RM;41.79422;12.76325
Rocca San Casciano;FC;44.06145;11.84223
Rocca San Felice;AV;40.95101;15.16512
Rocca San Giovanni;CH;42.25110;14.46495
Rocca Santa Maria;TE;42.68584;13.52689
Rocca Santo Stefano;RM;41.91052;13.02447
Rocca Sinibalda;RI;42.27422;12.92576
Rocca Susella;PV;44.91276;9.09597
Rocca d'Arazzo;AT;44.87388;8.28582
Rocca d'Arce;FR;41.58753;13.58374
Rocca d'Evandro;CE;41.39470;13.89662
Rocca de' Baldi;CN;44.43018;7.74570
Rocca de' Giorgi;PV;44.97158;9.25217
Rocca di Botte;AQ;42.02627;13.06822
Rocca di Cambio;AQ;42.23678;13.48940
Rocca di Cave;RM;41.84634;12.94559
Rocca di Mezzo;AQ;42.20779;13.51866
Rocca di Neto;KR;39.19171;17.00234
Rocca di Papa;RM;41.76200;12.70842
Roccabascerana;AV;41.01810;14.71646
Roccabernarda;KR;39.13395;16.87173
Roccabianca;PR;45.00812;10.21812
Roccabruna;CN;44.47630;7.34075
Roccacasale;AQ;42.12231;13.88998
Roccadaspide;SA;40.42605;15.19428
Roccafiorita;ME;37.92988;15.26847
Roccafluvione;AP;42.86127;13.47522
Roccaforte Ligure;AL;44.67771;9.02777
Roccaforte Mondovì;CN;44.31843;7.74588
Roccaforte del Greco;RC;38.04591;15.89960
Roccaforzata;TA;40.43769;17.38887
Roccafranca;BS;45.46414;9.91198
Roccagiovine;RM;42.05023;12.89860
Roccagloriosa;SA;40.10605;15.43758
Roccagorga;LT;41.52611;13.15534
Roccalbegna;GR;42.78414;11.50925
Roccalumera;ME;37.97509;15.39453
Roccamandolfi;IS;41.49291;14.34950
Roccamena;PA;37.83859;13.15530
Roccamonfina;CE;41.28683;13.97905
Roccamontepiano;CH;42.24764;14.12187
Roccamorice;PE;42.21377;14.02388
Roccanova;PZ;40.21423;16.20510
Roccantica;RI;42.32080;12.69233
Roccapalumba;PA;37.80607;13.63945
Roccapiemonte;SA;40.76237;14.69268
Roccarainola;NA;40.97242;14.56206
Roccaraso;AQ;41.84627;14.07856
Roccaromana;CE;41.27400;14.22320
Roccascalegna;CH;42.06215;14.30670
Roccasecca;FR;41.55184;13.66862
Roccasecca dei Volsci;LT;41.47983;13.21249
Roccasicura;IS;41.69820;14.23175
Roccasparvera;CN;44.34166;7.44134
Roccaspinalveti;CH;41.93808;14.47121
Roccastrada;GR;43.01121;11.16743
Roccavaldina;ME;38.18230;15.37498
Roccaverano;AT;44.59299;8.27193
Roccavignale;SV;44.36189;8.19201
Roccavione;CN;44.31441;7.48126
Roccavivara;CB;41.83483;14.59927
Roccella Ionica;RC;38.32525;16.40347
Roccella Valdemone;ME;37.93275;15.00952
Rocchetta Belbo;CN;44.63713;8.17527
Rocchetta Ligure;AL;44.70655;9.05003
Rocchetta Nervina;IM;43.89018;7.60029
Rocchetta Palafea;AT;44.70695;8.34572
Rocchetta Sant'Antonio;FG;41.10279;15.45988
Rocchetta Tanaro;AT;44.85887;8.34433
Rocchetta a Volturno;IS;41.62430;14.08589
Rocchetta di Vara;SP;44.25119;9.75689
Rocchetta e Croce;CE;41.23716;14.15765
Rodano;MI;45.47318;9.35708
Roddi;CN;44.67845;7.97611
Roddino;CN;44.57411;8.01874
Rodello;CN;44.63061;8.05932
Rodengo;BZ;46.77932;11.69496
Rodengo Saiano;BS;45.60059;10.10930
Rodero;CO;45.82263;8.91339
Rodi Garganico;FG;41.92814;15.88123
Rodigo;MN;45.19936;10.62430
Rodì Milici;ME;38.11046;15.16957
Rofrano;SA;40.21047;15.42723
Rogeno;LC;45.78332;9.26696
Roggiano Gravina;CS;39.61648;16.15813
Roghudi;RC;37.92499;15.76537
Rogliano;CS;39.18006;16.32532
Rognano;PV;45.28882;9.08992
Rogno;BG;45.85782;10.13344
Rogolo;SO;46.13630;9.48793
Roiate;RM;41.87412;13.06445
Roio del Sangro;CH;41.91164;14.37281
Roisan;AO;45.78442;7.31058
Roletto;TO;44.92525;7.33067
Rolo;RE;44.88720;10.85635
Roma;RM;41.89277;12.48367
Romagnano Sesia;NO;45.63335;8.38288
Romagnano al Monte;SA;40.62795;15.43453
Romagnese;PV;44.83723;9.32948
Romana;SS;40.48435;8.58656
Romanengo;CR;45.37735;9.78546
Romano Canavese;TO;45.39134;7.86790
Romano d'Ezzelino;VI;45.77455;11.77070
Romano di Lombardia;BG;45.51945;9.75317
Romans d'Isonzo;GO;45.89049;13.43904
Rombiolo;VV;38.59762;16.00158
Romeno;TN;46.39440;11.12019
Romentino;NO;45.46260;8.72085
Rometta;ME;38.17266;15.41549
Ronago;CO;45.82977;8.98250
Roncade;TV;45.63038;12.37395
Roncadelle;BS;45.52806;10.15131
Roncaro;PV;45.22573;9.27692
Roncegno Terme;TN;46.05099;11.40969
Roncello;MB;45.60488;9.45696
Ronchi Valsugana;TN;46.06714;11.43430
Ronchi dei Legionari;GO;45.82600;13.50071
Ronchis;UD;45.80581;12.99607
Ronciglione;VT;42.29172;12.21573
Ronco Biellese;BI;45.58161;8.09888
Ronco Briantino;MB;45.66778;9.40072
Ronco Canavese;TO;45.49943;7.54567
Ronco Scrivia;GE;44.60820;8.95499
Ronco all'Adige;VR;45.33570;11.24641
Roncobello;BG;45.95644;9.74782
Roncoferraro;MN;45.13324;10.95101
Roncofreddo;FC;44.04188;12.31809
Roncola;BG;45.76925;9.56103
Roncà;VR;45.47945;11.29014
Rondanina;GE;44.56236;9.21761
Rondissone;TO;45.24679;7.96582
Ronsecco;VC;45.25350;8.27777
Ronzo-Chienis;TN;45.89080;10.94991
Ronzone;TN;46.42334;11.15000
Roppolo;BI;45.42041;8.06865
Rorà;TO;44.79230;7.19849
Rosarno;RC;38.48761;15.98283
Rosasco;PV;45.25030;8.57927
Rosate;MI;45.34835;9.01681
Rosazza;BI;45.67613;7.97753
Rosciano;PE;42.32248;14.04720
Roscigno;SA;40.40037;15.34454
Rose;CS;39.39925;16.29788
Rosello;CH;41.90157;14.34900
Roseto Capo Spulico;CS;39.98665;16.60127
Roseto Valfortore;FG;41.37073;15.09485
Roseto degli Abruzzi;TE;42.68017;14.01156
Rosignano Marittimo;LI;43.40533;10.47269
Rosignano Monferrato;AL;45.07985;8.39906
Rosolina;RO;45.07589;12.24613
Rosolini;SR;36.82035;14.95353
Rosora;AN;43.48276;13.06919
Rossa;VC;45.83355;8.12565
Rossana;CN;44.54250;7.43261
Rossano Veneto;VI;45.70507;11.79990
Rossiglione;GE;44.56211;8.67054
Rosta;TO;45.07142;7.46397
Rosà;VI;45.72476;11.76155
Rota Greca;CS;39.46701;16.11351
Rota d'Imagna;BG;45.83415;9.51153
Rotella;AP;42.95453;13.56093
Rotello;CB;41.74891;15.00524
Rotonda;PZ;39.95197;16.03619
Rotondella;MT;40.17256;16.52562
Rotondi;AV;41.03403;14.59640
Rottofreno;PC;45.05705;9.55041
Rotzo;VI;45.86390;11.40042
Roure;TO;45.00108;7.12909
Rovasenda;VC;45.53679;8.31362
Rovato;BS;45.56809;9.99764
Rovegno;GE;44.57711;9.27867
Rovellasca;CO;45.66794;9.05230
Rovello Porro;CO;45.65440;9.03982
Roverbella;MN;45.26504;10.76451
Roverchiara;VR;45.27242;11.24789
Roveredo di Guà;VR;45.27273;11.44268
Roveredo in Piano;PN;46.00954;12.61755
Rovereto;TN;45.88648;11.04518
Roverè Veronese;VR;45.59334;11.06566
Roverè della Luna;TN;46.24999;11.16961
Rovescala;PV;45.01375;9.35013
Rovetta;BG;45.89111;9.98490
Roviano;RM;42.02614;12.99453
Rovigo;RO;45.07107;11.79007
Rovito;CS;39.30990;16.32272
Rovolon;PD;45.38575;11.65217
Rozzano;MI;45.38102;9.15293
Roè Volciano;BS;45.62401;10.49404
Rubano;PD;45.42671;11.78660
Rubiana;TO;45.13920;7.38240
Rubiera;RE;44.65330;10.78326
Ruda;UD;45.83698;13.39969
Rudiano;BS;45.48852;9.88423
Rueglio;TO;45.46785;7.75582
Ruffano;LE;39.98357;18.24680
Ruffia;CN;44.70725;7.60244
Ruffrè-Mendola;TN;46.41451;11.17747
Rufina;FI;43.82664;11.48792
Ruinas;OR;39.90577;8.89642
Rumo;TN;46.44107;11.01733
Ruoti;PZ;40.71745;15.67622
Russi;RA;44.37242;12.03289
Rutigliano;BA;41.01072;17.00799
Rutino;SA;40.29988;15.07009
Ruviano;CE;41.21063;14.40983
Ruvo del Monte;PZ;40.84734;15.54130
Ruvo di Puglia;BA;41.11700;16.48485
Sabaudia;LT;41.30012;13.02491
Sabbio Chiese;BS;45.65676;10.41553
Sabbioneta;MN;44.99976;10.48991
Sacco;SA;40.38178;15.37291
Saccolongo;PD;45.40568;11.74356
Sacile;PN;45.95428;12.50304
Sacrofano;RM;42.10575;12.44782
Sadali;SU;39.81435;9.27260
Sagama;OR;40.26099;8.57809
Sagliano Micca;BI;45.62281;8.04528
Sagrado;GO;45.87646;13.48521
Sagron Mis;TN;46.19493;11.94328
Saint-Christophe;AO;45.74833;7.35781
Saint-Denis;AO;45.75218;7.55719
Saint-Marcel;AO;45.73242;7.44829
Saint-Nicolas;AO;45.71662;7.16789
Saint-Oyen;AO;45.82462;7.21241
Saint-Pierre;AO;45.71043;7.22629
Saint-Rhémy-en-Bosses;AO;45.82306;7.18206
Saint-Vincent;AO;45.75022;7.64750
Sala Baganza;PR;44.71553;10.22824
Sala Biellese;BI;45.50832;7.95549
Sala Bolognese;BO;44.62980;11.27687
Sala Comacina;CO;45.96426;9.16600
Sala Consilina;SA;40.40266;15.59084
Sala Monferrato;AL;45.07540;8.35818
Salandra;MT;40.52555;16.31965
Salaparuta;TP;37.75698;13.00627
Salara;RO;44.98422;11.42607
Salasco;VC;45.32529;8.26378
Salassa;TO;45.35956;7.68939
Salbertrand;TO;45.07237;6.88369
Salcedo;VI;45.75846;11.56576
Salcito;CB;41.74736;14.51082
Sale;AL;44.98475;8.80897
Sale Marasino;BS;45.71409;10.11289
Sale San Giovanni;CN;44.39938;8.07861
Sale delle Langhe;CN;44.39706;8.08346
Salemi;TP;37.81600;12.80151
Salento;SA;40.24899;15.18842
Salerano Canavese;TO;45.45644;7.84990
Salerano sul Lambro;LO;45.29457;9.38568
Salerno;SA;40.67822;14.75940
Salgareda;TV;45.70343;12.49468
Sali Vercellese;VC;45.30933;8.32968
Salice Salentino;LE;40.38483;17.96517
Saliceto;CN;44.41328;8.16679
Salisano;RI;42.25748;12.74562
Salizzole;VR;45.24277;11.08381
Salle;PE;42.17704;13.95924
Salmour;CN;44.57815;7.79212
Salorno;BZ;46.23911;11.21297
Salsomaggiore Terme;PR;44.81568;9.97809
Saltrio;VA;45.87356;8.92438
Saludecio;RN;43.87267;12.66881
Saluggia;VC;45.23583;8.01114
Salussola;BI;45.44931;8.10889
Saluzzo;CN;44.64702;7.49085
Salve;LE;39.86183;18.29408
Salvirola;CR;45.35458;9.78036
Salvitelle;SA;40.59106;15.45931
Salza Irpina;AV;40.91803;14.89110
Salza di Pinerolo;TO;44.94054;7.05324
Salzano;VE;45.52127;12.09771
Salò;BS;45.60714;10.53231
Samarate;VA;45.63093;8.78260
Samassi;SU;39.48200;8.90736
Samatzai;SU;39.47981;9.03366
Sambuca Pistoiese;PT;44.10405;10.99900
Sambuca di Sicilia;AG;37.64742;13.11073
Sambuci;RM;41.98627;12.93740
Sambuco;CN;44.33734;7.07781
Sammichele di Bari;BA;40.88790;16.95448
Samo;RC;38.07413;16.05630
Samolaco;SO;46.24422;9.39512
Samone;TN;46.08187;11.52038
Samone;TO;45.44929;7.84564
Sampeyre;CN;44.57938;7.18887
Samugheo;OR;39.94719;8.93961
San Bartolomeo Val Cavargna;CO;46.08250;9.14622
San Bartolomeo al Mare;IM;43.92851;8.10217
San Bartolomeo in Galdo;BN;41.40978;15.01508
San Basile;CS;39.81097;16.16361
San Basilio;SU;39.53738;9.19837
San Bassano;CR;45.24651;9.81349
San Bellino;RO;45.02849;11.58904
San Benedetto Belbo;CN;44.48989;8.05785
San Benedetto Po;MN;45.04107;10.92849
San Benedetto Ullano;CS;39.42629;16.12333
San Benedetto Val di Sambro;BO;44.21557;11.23307
San Benedetto dei Marsi;AQ;42.00645;13.62331
San Benedetto del Tronto;AP;42.94363;13.88291
San Benedetto in Perillis;AQ;42.18278;13.76976
San Benigno Canavese;TO;45.22396;7.78266
San Bernardino Verbano;VB;45.95679;8.52018
San Biagio Platani;AG;37.50899;13.52423
San Biagio Saracinisco;FR;41.61350;13.92767
San Biagio della Cima;IM;43.81879;7.64985
San Biagio di Callalta;TV;45.68476;12.37749
San Biase;CB;41.71493;14.58944
San Bonifacio;VR;45.39592;11.26992
San Buono;CH;41.98062;14.56935
San Calogero;VV;38.57066;16.01328
San Candido;BZ;46.73242;12.28204
San Canzian d'Isonzo;GO;45.80955;13.44340
San Carlo Canavese;TO;45.24815;7.61016
San Casciano dei Bagni;SI;42.87132;11.87536
San Casciano in Val di Pesa;FI;43.65656;11.18439
San Cassiano;LE;40.05392;18.32998
San Cataldo;CL;37.48716;13.99048
San Cesareo;RM;41.82147;12.80071
San Cesario di Lecce;LE;40.30187;18.16031
San Cesario sul Panaro;MO;44.56157;11.03417
San Chirico Nuovo;PZ;40.67692;16.07946
San Chirico Raparo;PZ;40.19058;16.07642
San Cipirello;PA;37.96023;13.18170
San Cipriano Picentino;SA;40.72040;14.87236
San Cipriano Po;PV;45.10909;9.28086
San Cipriano d'Aversa;CE;40.99969;14.13457
San Clemente;RN;43.93225;12.62561
San Colombano Belmonte;TO;45.38144;7.61845
San Colombano Certenoli;GE;44.37173;9.31312
San Colombano al Lambro;MI;45.18133;9.48925
San Cono;CT;37.28994;14.36600
San Cosmo Albanese;CS;39.58234;16.42057
San Costantino Albanese;PZ;40.03530;16.30451
San Costantino Calabro;VV;38.63339;16.07082
San Costanzo;PU;43.76312;13.06951
San Cristoforo;AL;44.69241;8.75000
San Damiano Macra;CN;44.48841;7.25631
San Damiano al Colle;PV;45.02712;9.34857
San Damiano d'Asti;AT;44.83464;8.06523
San Daniele Po;CR;45.06727;10.17634
San Daniele del Friuli;UD;46.16097;13.01133
San Demetrio Corone;CS;39.56767;16.36319
San Demetrio ne' Vestini;AQ;42.28805;13.55877
San Didero;TO;45.13516;7.21516
San Donaci;BR;40.44678;17.92215
San Donato Milanese;MI;45.41696;9.26615
San Donato Val di Comino;FR;41.70815;13.81378
San Donato di Lecce;LE;40.26813;18.18352
San Donato di Ninea;CS;39.71189;16.04820
San Donà di Piave;VE;45.62946;12.56428
San Dorligo della Valle;TS;45.60794;13.85675
San Fele;PZ;40.81921;15.53923
San Felice Circeo;LT;41.23348;13.08870
San Felice a Cancello;CE;41.01179;14.48097
San Felice del Benaco;BS;45.58275;10.55377
San Felice del Molise;CB;41.89080;14.70066
San Felice sul Panaro;MO;44.83932;11.14140
San Ferdinando;RC;38.48384;15.91566
San Ferdinando di Puglia;BT;41.30079;16.06884
San Fermo della Battaglia;CO;45.80960;9.04850
San Fili;CS;39.33763;16.14233
San Filippo del Mela;ME;38.16929;15.27181
San Fior;TV;45.92084;12.35841
San Fiorano;LO;45.13594;9.72192
San Floriano del Collio;GO;45.98220;13.58533
San Floro;CZ;38.83770;16.51860
San Francesco al Campo;TO;45.22554;7.65566
San Fratello;ME;38.01289;14.59623
San Gavino Monreale;SU;39.54873;8.79228
San Gemini;TR;42.61338;12.54625
San Genesio Atesino;BZ;46.53565;11.33158
San Genesio ed Uniti;PV;45.23285;9.17987
San Gennaro Vesuviano;NA;40.86119;14.52929
San Germano Chisone;TO;44.89872;7.24086
San Germano Vercellese;VC;45.35018;8.25095
San Gervasio Bresciano;BS;45.30602;10.14967
San Giacomo Filippo;SO;46.33714;9.37043
San Giacomo Vercellese;VC;45.49741;8.32535
San Giacomo degli Schiavoni;CB;41.96493;14.94762
San Giacomo delle Segnate;MN;44.97181;11.03316
San Gillio;TO;45.14206;7.53383
San Gimignano;SI;43.46777;11.04318
San Ginesio;MC;43.10801;13.31673
San Giorgio Albanese;CS;39.58075;16.45453
San Giorgio Bigarello;MN;45.16527;10.84590
San Giorgio Canavese;TO;45.33544;7.79426
San Giorgio Ionico;TA;40.45939;17.38354
San Giorgio La Molara;BN;41.27117;14.91764
San Giorgio Lucano;MT;40.11417;16.38952
San Giorgio Monferrato;AL;45.10779;8.41486
San Giorgio Morgeto;RC;38.38702;16.10355
San Giorgio Piacentino;PC;44.95411;9.73755
San Giorgio Scarampi;AT;44.61132;8.24202
San Giorgio a Cremano;NA;40.82921;14.33393
San Giorgio a Liri;FR;41.40687;13.76662
San Giorgio del Sannio;BN;41.06241;14.85356
San Giorgio della Richinvelda;PN;46.04541;12.86774
San Giorgio delle Pertiche;PD;45.54200;11.90993
San Giorgio di Lomellina;PV;45.17381;8.79112
San Giorgio di Nogaro;UD;45.83302;13.20699
San Giorgio di Piano;BO;44.64698;11.37514
San Giorgio in Bosco;PD;45.59317;11.80655
San Giorgio su Legnano;MI;45.57653;8.91648
San Giorio di Susa;TO;45.12842;7.17753
San Giovanni Bianco;BG;45.87456;9.65182
San Giovanni Gemini;AG;37.62994;13.64120
San Giovanni Ilarione;VR;45.52093;11.23578
San Giovanni Incarico;FR;41.50302;13.55719
San Giovanni Lipioni;CH;41.84279;14.56198
San Giovanni Lupatoto;VR;45.38009;11.05019
San Giovanni Rotondo;FG;41.70781;15.72664
San Giovanni Suergiu;SU;39.11025;8.52210
San Giovanni Teatino;CH;42.42198;14.18675
San Giovanni Valdarno;AR;43.56674;11.52963
San Giovanni a Piro;SA;40.05044;15.44984
San Giovanni al Natisone;UD;45.98092;13.40396
San Giovanni del Dosso;MN;44.96609;11.08112
San Giovanni di Gerace;RC;38.36577;16.27790
San Giovanni in Croce;CR;45.07745;10.37841
San Giovanni in Fiore;CS;39.25365;16.69732
San Giovanni in Galdo;CB;41.58840;14.74754
San Giovanni in Marignano;RN;43.93899;12.71246
San Giovanni in Persiceto;BO;44.63877;11.18780
San Giovanni la Punta;CT;37.57707;15.09430
San Giuliano Milanese;MI;45.40023;9.28492
San Giuliano Terme;PI;43.76334;10.44249
San Giuliano del Sannio;CB;41.45613;14.63964
San Giuliano di Puglia;CB;41.68526;14.96369
San Giuseppe Jato;PA;37.96819;13.18116
San Giuseppe Vesuviano;NA;40.83426;14.50618
San Giustino;PG;43.54865;12.17675
San Giusto Canavese;TO;45.31221;7.80833
San Godenzo;FI;43.92628;11.61962
San Gregorio Magno;SA;40.65616;15.39941
San Gregorio Matese;CE;41.38556;14.37217
San Gregorio d'Ippona;VV;38.64330;16.10174
San Gregorio da Sassola;RM;41.91816;12.87253
San Gregorio di Catania;CT;37.56488;15.10846
San Gregorio nelle Alpi;BL;46.10324;12.02628
San Lazzaro di Savena;BO;44.47048;11.40806
San Leo;RN;43.89618;12.34328
San Leonardo;UD;46.12167;13.52452
San Leonardo in Passiria;BZ;46.81168;11.24329
San Leucio del Sannio;BN;41.07269;14.75768
San Lorenzello;BN;41.27603;14.54117
San Lorenzo;RC;38.01064;15.83384
San Lorenzo Bellizzi;CS;39.88923;16.32823
San Lorenzo Dorsino;TN;46.07750;10.90950
San Lorenzo Isontino;GO;45.93269;13.52672
San Lorenzo Maggiore;BN;41.25030;14.62567
San Lorenzo Nuovo;VT;42.68559;11.90610
San Lorenzo al Mare;IM;43.85361;7.96388
San Lorenzo del Vallo;CS;39.66686;16.29473
San Lorenzo di Sebato;BZ;46.78353;11.90177
San Lorenzo in Campo;PU;43.60342;12.94543
San Luca;RC;38.14513;16.06726
San Lucido;CS;39.30820;16.05094
San Lupo;BN;41.26045;14.63511
San Mango Piemonte;SA;40.70024;14.83919
San Mango d'Aquino;CZ;39.06008;16.18971
San Mango sul Calore;AV;40.95890;14.97251
San Marcellino;CE;40.98671;14.17391
San Marcello;AN;43.57674;13.20621
San Marcello Piteglio;PT;44.05740;10.79290
San Marco Argentano;CS;39.55682;16.11787
San Marco Evangelista;CE;41.03761;14.34321
San Marco d'Alunzio;ME;38.07305;14.69884
San Marco dei Cavoti;BN;41.30601;14.88068
San Marco in Lamis;FG;41.71296;15.63843
San Marco la Catola;FG;41.52570;15.00632
San Martino Alfieri;AT;44.81852;8.10937
San Martino Buon Albergo;VR;45.42215;11.09313
San Martino Canavese;TO;45.39459;7.81836
San Martino Sannita;BN;41.06546;14.83492
San Martino Siccomario;PV;45.15716;9.13452
San Martino Valle Caudina;AV;41.02546;14.66486
San Martino al Tagliamento;PN;46.02082;12.86385
San Martino d'Agri;PZ;40.23695;16.05066
San Martino dall'Argine;MN;45.10070;10.52015
San Martino del Lago;CR;45.07243;10.31566
San Martino di Finita;CS;39.49069;16.10712
San Martino di Lupari;PD;45.65068;11.85327
San Martino di Venezze;RO;45.13131;11.86853
San Martino in Badia;BZ;46.68189;11.89802
San Martino in Passiria;BZ;46.78261;11.22696
San Martino in Pensilis;CB;41.87003;15.01058
San Martino in Rio;RE;44.73270;10.78466
San Martino in Strada;LO;45.27079;9.53053
San Martino sulla Marrucina;CH;42.22504;14.21412
San Marzano Oliveto;AT;44.75322;8.29616
San Marzano di San Giuseppe;TA;40.45095;17.50559
San Marzano sul Sarno;SA;40.77461;14.58798
San Massimo;CB;41.49267;14.40981
San Maurizio Canavese;TO;45.21912;7.63075
San Maurizio d'Opaglio;NO;45.77247;8.39096
San Mauro Castelverde;PA;37.91446;14.19009
San Mauro Cilento;SA;40.22628;15.04476
San Mauro Forte;MT;40.48722;16.25234
San Mauro Marchesato;KR;39.10277;16.92254
San Mauro Pascoli;FC;44.10703;12.41549
San Mauro Torinese;TO;45.10310;7.76633
San Mauro di Saline;VR;45.56521;11.11247
San Mauro la Bruca;SA;40.12159;15.28600
San Michele Mondovì;CN;44.37653;7.90825
San Michele Salentino;BR;40.62901;17.63151
San Michele al Tagliamento;VE;45.76387;12.99494
San Michele all'Adige;TN;46.19266;11.13405
San Michele di Ganzaria;CT;37.27947;14.42612
San Michele di Serino;AV;40.87717;14.85550
San Miniato;PI;43.67941;10.85239
San Nazzaro;BN;41.04971;14.85679
San Nazzaro Sesia;NO;45.43813;8.42357
San Nazzaro Val Cavargna;CO;46.08923;9.13065
San Nicandro Garganico;FG;41.83891;15.56128
San Nicola Arcella;CS;39.84579;15.79365
San Nicola Baronia;AV;41.05945;15.19813
San Nicola Manfredi;BN;41.07247;14.82443
San Nicola da Crissa;VV;38.66438;16.28625
San Nicola dell'Alto;KR;39.28820;16.97576
San Nicola la Strada;CE;41.05449;14.33135
San Nicolò Gerrei;SU;39.49571;9.30129
San Nicolò d'Arcidano;OR;39.68529;8.64669
San Nicolò di Comelico;BL;46.58223;12.52757
San Pancrazio;BZ;46.58690;11.08504
San Pancrazio Salentino;BR;40.41722;17.83835
San Paolo;BS;45.37130;10.02462
San Paolo Albanese;PZ;40.03567;16.33498
San Paolo Bel Sito;NA;40.91272;14.54839
San Paolo Solbrito;AT;44.95227;7.97278
San Paolo d'Argon;BG;45.68764;9.80175
San Paolo di Civitate;FG;41.74075;15.25890
San Paolo di Jesi;AN;43.45488;13.17357
San Pellegrino Terme;BG;45.83833;9.66331
San Pier Niceto;ME;38.15873;15.35152
San Pier d'Isonzo;GO;45.84595;13.46066
San Piero Patti;ME;38.05068;14.96622
San Pietro Apostolo;CZ;39.00471;16.46900
San Pietro Avellana;IS;41.78882;14.18348
San Pietro Clarenza;CT;37.57233;15.02419
San Pietro Infine;CE;41.44589;13.95698
San Pietro Mosezzo;NO;45.45561;8.54347
San Pietro Mussolino;VI;45.58730;11.25814
San Pietro Val Lemina;TO;44.90733;7.31356
San Pietro Vernotico;BR;40.48837;17.99717
San Pietro Viminario;PD;45.24502;11.81834
San Pietro a Maida;CZ;38.84636;16.34771
San Pietro al Natisone;UD;46.12759;13.48543
San Pietro al Tanagro;SA;40.45404;15.48754
San Pietro di Cadore;BL;46.57068;12.58599
San Pietro di Caridà;RC;38.52169;16.13243
San Pietro di Feletto;TV;45.91304;12.25163
San Pietro di Morubio;VR;45.24818;11.23224
San Pietro in Amantea;CS;39.13658;16.11243
San Pietro in Cariano;VR;45.51731;10.88646
San Pietro in Casale;BO;44.70263;11.40619
San Pietro in Cerro;PC;45.02133;9.95138
San Pietro in Gu;PD;45.61349;11.66923
San Pietro in Guarano;CS;39.34474;16.31211
San Pietro in Lama;LE;40.30916;18.13187
San Pio delle Camere;AQ;42.28623;13.65481
San Polo Matese;CB;41.45936;14.49376
San Polo d'Enza;RE;44.62650;10.42090
San Polo dei Cavalieri;RM;42.01231;12.84005
San Polo di Piave;TV;45.79119;12.39415
San Ponso;TO;45.35082;7.66752
San Possidonio;MO;44.89099;10.99679
San Potito Sannitico;CE;41.33832;14.39298
San Potito Ultra;AV;40.92796;14.87124
San Prisco;CE;41.08590;14.27870
San Procopio;RC;38.28174;15.88943
San Prospero;MO;44.78790;11.02289
San Quirico d'Orcia;SI;43.06027;11.60328
San Quirino;PN;46.03637;12.68031
San Raffaele Cimena;TO;45.14722;7.84870
San Roberto;RC;38.21145;15.73556
San Rocco al Porto;LO;45.08047;9.69829
San Romano in Garfagnana;LU;44.16896;10.34544
San Rufo;SA;40.43435;15.46166
San Salvatore Monferrato;AL;44.99481;8.56669
San Salvatore Telesino;BN;41.23580;14.49488
San Salvatore di Fitalia;ME;38.07054;14.77746
San Salvo;CH;42.04556;14.73141
San Sebastiano Curone;AL;44.78561;9.06524
San Sebastiano al Vesuvio;NA;40.84106;14.37178
San Sebastiano da Po;TO;45.16644;7.95347
San Secondo Parmense;PR;44.91915;10.22691
San Secondo di Pinerolo;TO;44.86657;7.29865
San Severino Lucano;PZ;40.01829;16.14190
San Severino Marche;MC;43.22886;13.17711
San Severo;FG;41.68587;15.38074
San Siro;CO;46.05522;9.25851
San Sossio Baronia;AV;41.06694;15.20329
San Sostene;CZ;38.63733;16.48752
San Sosti;CS;39.65815;16.02916
San Sperate;SU;39.35669;9.00656
San Stino di Livenza;VE;45.73054;12.67956
San Tammaro;CE;41.07669;14.23202
San Teodoro;ME;37.84781;14.69937
San Teodoro;SS;40.77122;9.67191
San Tomaso Agordino;BL;46.38120;11.97527
San Valentino Torio;SA;40.79182;14.60094
San Valentino in Abruzzo Citeriore;PE;42.23270;13.98721
San Venanzo;TR;42.86885;12.26621
San Vendemiano;TV;45.89125;12.33902
San Vero Milis;OR;40.01279;8.59915
San Vincenzo;LI;43.10085;10.53824
San Vincenzo La Costa;CS;39.36476;16.15089
San Vincenzo Valle Roveto;AQ;41.83373;13.52379
San Vitaliano;NA;40.92293;14.48219
San Vito;SU;39.44159;9.54163
San Vito Chietino;CH;42.30261;14.44572
San Vito Lo Capo;TP;38.17310;12.73502
San Vito Romano;RM;41.88277;12.98334
San Vito al Tagliamento;PN;45.91497;12.85474
San Vito al Torre;UD;45.89571;13.37021
San Vito dei Normanni;BR;40.65646;17.70328
San Vito di Cadore;BL;46.46015;12.20479
San Vito di Fagagna;UD;46.08820;13.05694
San Vito di Leguzzano;VI;45.68175;11.37619
San Vito sullo Ionio;CZ;38.71061;16.40712
San Vittore Olona;MI;45.58760;8.94382
San Vittore del Lazio;FR;41.46432;13.93554
San Zeno Naviglio;BS;45.49134;10.21455
San Zeno di Montagna;VR;45.63795;10.73236
San Zenone al Lambro;MI;45.32648;9.35836
San Zenone al Po;PV;45.10855;9.36114
San Zenone degli Ezzelini;TV;45.77892;11.84034
Sanarica;LE;40.08763;18.34938
Sandigliano;BI;45.52149;8.07594
Sandrigo;VI;45.66132;11.60278
Sanfront;CN;44.64584;7.32025
Sanfrè;CN;44.75219;7.80355
Sangano;TO;45.02624;7.45054
Sangiano;VA;45.87629;8.63179
Sangineto;CS;39.60367;15.91251
Sanguinetto;VR;45.18275;11.15118
Sanluri;SU;39.56180;8.89898
Sannazzaro de' Burgondi;PV;45.10316;8.90829
Sannicandro di Bari;BA;41.00069;16.79941
Sannicola;LE;40.09387;18.06406
Sanremo;IM;43.82100;7.78463
Sansepolcro;AR;43.57015;12.14132
Sant'Agapito;IS;41.54374;14.22177
Sant'Agata Bolognese;BO;44.66454;11.13381
Sant'Agata Feltria;RN;43.86404;12.20845
Sant'Agata Fossili;AL;44.78591;8.91893
Sant'Agata de' Goti;BN;41.09080;14.50381
Sant'Agata del Bianco;RC;38.09242;16.08251
Sant'Agata di Esaro;CS;39.62091;15.98238
Sant'Agata di Militello;ME;38.06952;14.63368
Sant'Agata di Puglia;FG;41.15032;15.37939
Sant'Agata li Battiati;CT;37.55865;15.08023
Sant'Agata sul Santerno;RA;44.44233;11.86165
Sant'Agnello;NA;40.63474;14.39764
Sant'Albano Stura;CN;44.50993;7.72105
Sant'Alessio Siculo;ME;37.91758;15.34478
Sant'Alessio con Vialone;PV;45.22210;9.22506
Sant'Alessio in Aspromonte;RC;38.17220;15.75731
Sant'Alfio;CT;37.74407;15.14411
Sant'Ambrogio di Torino;TO;45.09969;7.35931
Sant'Ambrogio di Valpolicella;VR;45.52463;10.83368
Sant'Ambrogio sul Garigliano;FR;41.39037;13.86912
Sant'Anastasia;NA;40.86701;14.40212
Sant'Anatolia di Narco;PG;42.73312;12.83601
Sant'Andrea Apostolo dello Ionio;CZ;38.62326;16.52858
Sant'Andrea Frius;SU;39.47953;9.17316
Sant'Andrea del Garigliano;FR;41.36585;13.84191
Sant'Andrea di Conza;AV;40.84413;15.37174
Sant'Angelo Le Fratte;PZ;40.54625;15.55914
Sant'Angelo Limosano;CB;41.69279;14.60374
Sant'Angelo Lodigiano;LO;45.23812;9.40958
Sant'Angelo Lomellina;PV;45.24662;8.64314
Sant'Angelo Muxaro;AG;37.47919;13.54428
Sant'Angelo Romano;RM;42.03402;12.71303
Sant'Angelo a Cupolo;BN;41.06798;14.80351
Sant'Angelo a Fasanella;SA;40.45704;15.34366
Sant'Angelo a Scala;AV;40.97592;14.73970
Sant'Angelo all'Esca;AV;41.00652;14.99316
Sant'Angelo d'Alife;CE;41.36264;14.25966
Sant'Angelo dei Lombardi;AV;40.92741;15.17650
Sant'Angelo del Pesco;IS;41.88316;14.25579
Sant'Angelo di Brolo;ME;38.11320;14.88215
Sant'Angelo di Piove di Sacco;PD;45.34616;12.00774
Sant'Angelo in Pontano;MC;43.09929;13.39548
Sant'Angelo in Vado;PU;43.66490;12.41327
Sant'Anna Arresi;SU;39.00504;8.64231
Sant'Anna d'Alfaedo;VR;45.62713;10.95108
Sant'Antimo;NA;40.93327;14.23603
Sant'Antioco;SU;39.06673;8.45509
Sant'Antonino di Susa;TO;45.10708;7.27351
Sant'Antonio Abate;NA;40.72247;14.54695
Sant'Antonio di Gallura;SS;40.99103;9.30130
Sant'Apollinare;FR;41.40195;13.83064
Sant'Arcangelo;PZ;40.24729;16.27605
Sant'Arcangelo Trimonte;BN;41.16901;14.93883
Sant'Arpino;CE;40.95788;14.25232
Sant'Arsenio;SA;40.47110;15.48641
Sant'Egidio alla Vibrata;TE;42.82549;13.71649
Sant'Egidio del Monte Albino;SA;40.73592;14.59895
Sant'Elena;PD;45.18616;11.70957
Sant'Elena Sannita;IS;41.57673;14.47196
Sant'Elia Fiumerapido;FR;41.53966;13.86541
Sant'Elia a Pianisi;CB;41.62180;14.87533
Sant'Elpidio a Mare;FM;43.22917;13.68653
Sant'Eufemia a Maiella;PE;42.12539;14.02771
Sant'Eufemia d'Aspromonte;RC;38.26208;15.85473
Sant'Eusanio Forconese;AQ;42.28870;13.52439
Sant'Eusanio del Sangro;CH;42.16822;14.33198
Sant'Ilario d'Enza;RE;44.76060;10.45143
Sant'Ilario dello Ionio;RC;38.22084;16.19253
Sant'Ippolito;PU;43.68483;12.87103
Sant'Olcese;GE;44.48367;8.96768
Sant'Omero;TE;42.78666;13.80290
Sant'Omobono Terme;BG;45.81680;9.51870
Sant'Onofrio;VV;38.69652;16.14284
Sant'Oreste;RM;42.23405;12.51988
Sant'Orsola Terme;TN;46.10820;11.30256
Sant'Urbano;PD;45.11338;11.61975
Santa Brigida;BG;45.98128;9.62344
Santa Caterina Albanese;CS;39.58578;16.07068
Santa Caterina Villarmosa;CL;37.59175;14.03189
Santa Caterina dello Ionio;CZ;38.53498;16.52101
Santa Cesarea Terme;LE;40.03786;18.46336
Santa Cristina Gela;PA;37.98509;13.32752
Santa Cristina Valgardena;BZ;46.55853;11.72133
Santa Cristina d'Aspromonte;RC;38.25427;15.97004
Santa Cristina e Bissone;PV;45.15679;9.40114
Santa Croce Camerina;RG;36.82854;14.52544
Santa Croce del Sannio;BN;41.38793;14.73229
Santa Croce di Magliano;CB;41.71252;14.99113
Santa Croce sull'Arno;PI;43.71144;10.77839
Santa Domenica Talao;CS;39.81957;15.85543
Santa Domenica Vittoria;ME;37.91555;14.96189
Santa Elisabetta;AG;37.43158;13.55490
Santa Fiora;GR;42.83136;11.58575
Santa Flavia;PA;38.08217;13.52500
Santa Giuletta;PV;45.03384;9.18159
Santa Giusta;OR;39.87845;8.60863
Santa Giustina;BL;46.08338;12.04245
Santa Giustina in Colle;PD;45.56364;11.90618
Santa Luce;PI;43.47250;10.56482
Santa Lucia del Mela;ME;38.13999;15.28318
Santa Lucia di Piave;TV;45.84918;12.28427
Santa Lucia di Serino;AV;40.87328;14.87201
Santa Margherita Ligure;GE;44.33487;9.20992
Santa Margherita di Belice;AG;37.69197;13.02402
Santa Margherita di Staffora;PV;44.77079;9.24056
Santa Maria Capua Vetere;CE;41.07755;14.26158
Santa Maria Coghinas;SS;40.90429;8.86309
Santa Maria Hoè;LC;45.74363;9.37150
Santa Maria Imbaro;CH;42.21994;14.44707
Santa Maria Maggiore;VB;46.13505;8.46687
Santa Maria Nuova;AN;43.49594;13.31053
Santa Maria a Monte;PI;43.69867;10.69237
Santa Maria a Vico;CE;41.02724;14.46350
Santa Maria del Cedro;CS;39.74889;15.83624
Santa Maria del Molise;IS;41.55270;14.37055
Santa Maria della Versa;PV;44.98469;9.29994
Santa Maria di Licodia;CT;37.61618;14.88740
Santa Maria di Sala;VE;45.50475;12.03547
Santa Maria la Carità;NA;40.72100;14.51294
Santa Maria la Fossa;CE;41.09329;14.13110
Santa Maria la Longa;UD;45.93307;13.28861
Santa Marina;SA;40.10520;15.54153
Santa Marina Salina;ME;38.55942;14.87170
Santa Marinella;RM;42.03357;11.85414
Santa Ninfa;TP;37.77382;12.88022
Santa Paolina;AV;41.02202;14.84630
Santa Severina;KR;39.14784;16.91496
Santa Sofia;FC;43.94690;11.90796
Santa Sofia d'Epiro;CS;39.54597;16.32883
Santa Teresa Gallura;SS;41.23983;9.18836
Santa Teresa di Riva;ME;37.94571;15.36795
Santa Venerina;CT;37.68698;15.13888
Santa Vittoria d'Alba;CN;44.69653;7.93316
Santa Vittoria in Matenano;FM;43.01995;13.49672
Santadi;SU;39.09369;8.71648
Santarcangelo di Romagna;RN;44.06289;12.44702
Sante Marie;AQ;42.10286;13.20298
Santena;TO;44.94969;7.77316
Santeramo in Colle;BA;40.79462;16.75254
Santhià;VC;45.36692;8.17435
Santi Cosma e Damiano;LT;41.29983;13.81402
Santo Stefano Belbo;CN;44.70749;8.23102
Santo Stefano Lodigiano;LO;45.12207;9.74305
Santo Stefano Quisquina;AG;37.62470;13.49032
Santo Stefano Roero;CN;44.78882;7.93991
Santo Stefano Ticino;MI;45.48778;8.91935
Santo Stefano al Mare;IM;43.83725;7.89908
Santo Stefano d'Aveto;GE;44.54783;9.45093
Santo Stefano del Sole;AV;40.89414;14.86674
Santo Stefano di Cadore;BL;46.55777;12.54967
Santo Stefano di Camastra;ME;38.01635;14.34833
Santo Stefano di Magra;SP;44.16241;9.91510
Santo Stefano di Rogliano;CS;39.19223;16.32079
Santo Stefano di Sessanio;AQ;42.34224;13.64652
Santo Stefano in Aspromonte;RC;38.16738;15.78935
Santomenna;SA;40.80708;15.32026
Santopadre;FR;41.60307;13.63484
Santorso;VI;45.73769;11.38873
Santu Lussurgiu;OR;40.13731;8.65197
Sanza;SA;40.24464;15.55331
Sanzeno;TN;46.37442;11.06806
Saonara;PD;45.37199;11.98492
Saponara;ME;38.19387;15.43425
Sapri;SA;40.07393;15.63073
Saracena;CS;39.77527;16.15619
Saracinesco;RM;42.00407;12.95230
Sarcedo;VI;45.70807;11.52619
Sarconi;PZ;40.24784;15.88823
Sardara;SU;39.61372;8.82062
Sardigliano;AL;44.75430;8.90767
Sarego;VI;45.40713;11.40502
Sarentino;BZ;46.64270;11.35624
Sarezzano;AL;44.86756;8.91536
Sarezzo;BS;45.65378;10.20298
Sarmato;PC;45.06042;9.49149
Sarmede;TV;45.97850;12.38636
Sarnano;MC;43.03548;13.30107
Sarnico;BG;45.66800;9.95835
Sarno;SA;40.81533;14.61890
Sarnonico;TN;46.42004;11.14141
Saronno;VA;45.62374;9.03640
Sarre;AO;45.71794;7.25765
Sarroch;CA;39.06354;9.01116
Sarsina;FC;43.91858;12.14086
Sarteano;SI;42.98960;11.86917
Sartirana Lomellina;PV;45.11434;8.66185
Sarule;NU;40.22896;9.16600
Sarzana;SP;44.11293;9.95968
Sassano;SA;40.34208;15.56594
Sassari;SS;40.72668;8.55967
Sassello;SV;44.47904;8.48995
Sassetta;LI;43.12836;10.64399
Sassinoro;BN;41.37467;14.66231
Sasso Marconi;BO;44.39438;11.24492
Sasso di Castalda;PZ;40.48649;15.67791
Sassofeltrio;PU;43.89244;12.50930
Sassoferrato;AN;43.43600;12.85865
Sassuolo;MO;44.54033;10.78270
Satriano;CZ;38.66778;16.48291
Satriano di Lucania;PZ;40.54506;15.63631
Sauris;UD;46.46664;12.70813
Sauze d'Oulx;TO;45.02809;6.85825
Sauze di Cesana;TO;44.94045;6.86050
Sava;TA;40.40332;17.55623
Savelli;KR;39.31230;16.78082
Saviano;NA;40.91113;14.50962
Savigliano;CN;44.64802;7.65748
Savignano Irpino;AV;41.22824;15.17744
Savignano sul Panaro;MO;44.47959;11.03376
Savignano sul Rubicone;FC;44.09210;12.39908
Savignone;GE;44.56374;8.98796
Saviore dell'Adamello;BS;46.08049;10.39821
Savoca;ME;37.95607;15.33979
Savogna;UD;46.15971;13.53370
Savogna d'Isonzo;GO;45.90174;13.57097
Savoia di Lucania;PZ;40.56997;15.55225
Savona;SV;44.30750;8.48111
Scafa;PE;42.26787;14.00213
Scafati;SA;40.74806;14.52624
Scagnello;CN;44.33231;7.98679
Scala;SA;40.65594;14.60707
Scala Coeli;CS;39.44882;16.88589
Scaldasole;PV;45.12494;8.91019
Scalea;CS;39.80643;15.79101
Scalenghe;TO;44.88831;7.49797
Scaletta Zanclea;ME;38.04286;15.45933
Scampitella;AV;41.09224;15.29645
Scandale;KR;39.12314;16.95853
Scandiano;RE;44.59939;10.68822
Scandicci;FI;43.75823;11.18133
Scandolara Ravara;CR;45.05309;10.30213
Scandolara Ripa d'Oglio;CR;45.22170;10.15714
Scandriglia;RI;42.16506;12.84210
Scanno;AQ;41.90233;13.88116
Scano di Montiferro;OR;40.21682;8.58352
Scansano;GR;42.68789;11.33315
Scanzano Jonico;MT;40.25032;16.69091
Scanzorosciate;BG;45.71187;9.73680
Scapoli;IS;41.61530;14.05881
Scarlino;GR;42.90730;10.85194
Scarmagno;TO;45.38583;7.84071
Scarnafigi;CN;44.68176;7.56693
Scarperia e San Piero;FI;43.99600;11.35600
Scena;BZ;46.69005;11.18729
Scerni;CH;42.11177;14.56908
Scheggia e Pascelupo;PG;43.40374;12.66800
Scheggino;PG;42.71259;12.83119
Schiavi di Abruzzo;CH;41.81571;14.48540
Schiavon;VI;45.69775;11.64428
Schignano;CO;45.92791;9.10236
Schilpario;BG;46.00956;10.15452
Schio;VI;45.71306;11.35694
Schivenoglia;MN;44.99115;11.07748
Sciacca;AG;37.50777;13.08293
Sciara;PA;37.91464;13.76261
Scicli;RG;36.79359;14.70590
Scido;RC;38.24385;15.93202
Scigliano;CS;39.12823;16.30671
Scilla;RC;38.25335;15.71526
Scillato;PA;37.85670;13.90683
Sciolze;TO;45.09504;7.87766
Scisciano;NA;40.91741;14.48282
Sclafani Bagni;PA;37.82113;13.85460
Scontrone;AQ;41.74620;14.03905
Scopa;VC;45.79171;8.11316
Scopello;VC;45.77367;8.09484
Scoppito;AQ;42.37107;13.25648
Scordia;CT;37.29649;14.84609
Scorrano;LE;40.09008;18.29836
Scorzè;VE;45.57204;12.10887
Scurcola Marsicana;AQ;42.06446;13.34240
Scurelle;TN;46.06448;11.50759
Scurzolengo;AT;44.96571;8.27826
Seborga;IM;43.82588;7.69416
Secinaro;AQ;42.15253;13.67903
Seclì;LE;40.13157;18.10496
Secugnago;LO;45.23034;9.59142
Sedegliano;UD;46.01349;12.97607
Sedico;BL;46.11087;12.09709
Sedilo;OR;40.17485;8.92092
Sedini;SS;40.85018;8.81716
Sedriano;MI;45.48756;8.97088
Sedrina;BG;45.77992;9.62346
Sefro;MC;43.14625;12.94926
Segariu;SU;39.56393;8.98332
Seggiano;GR;42.92799;11.55731
Segni;RM;41.69145;13.02317
Segonzano;TN;46.19036;11.25877
Segrate;MI;45.49082;9.29293
Segusino;TV;45.91670;11.95407
Selargius;CA;39.25370;9.16556
Selci;RI;42.31972;12.62267
Selegas;SU;39.56850;9.10390
Sella Giudicarie;TN;45.98360;10.66920
Sellano;PG;42.88883;12.92707
Sellero;BS;46.06872;10.33812
Sellia;CZ;38.98167;16.62821
Sellia Marina;CZ;38.90366;16.74501
Selva dei Molini;BZ;46.89130;11.86059
Selva di Cadore;BL;46.45152;12.03442
Selva di Progno;VR;45.61232;11.13882
Selva di Val Gardena;BZ;46.55599;11.75881
Selvazzano Dentro;PD;45.39452;11.78098
Selvino;BG;45.78075;9.75013
Semestene;SS;40.39817;8.72612
Semiana;PV;45.13737;8.72971
Seminara;RC;38.33610;15.87050
Semproniano;GR;42.73025;11.54169
Senago;MI;45.57520;9.11743
Senale-San Felice;BZ;46.49216;11.13248
Senales;BZ;46.70540;10.90957
Seneghe;OR;40.08064;8.61147
Senerchia;AV;40.74133;15.20502
Seniga;BS;45.24361;10.17716
Senigallia;AN;43.71483;13.21778
Senis;OR;39.82164;8.93955
Senise;PZ;40.14354;16.28973
Senna Comasco;CO;45.76333;9.10733
Senna Lodigiana;LO;45.14725;9.59358
Sennariolo;OR;40.21244;8.55629
Sennori;SS;40.78814;8.59526
Senorbì;SU;39.53305;9.13201
Sepino;CB;41.40712;14.61903
Sequals;PN;46.16621;12.82658
Seravezza;LU;43.99519;10.22844
Serdiana;SU;39.37354;9.15692
Seregno;MB;45.65021;9.20177
Seren del Grappa;BL;45.98879;11.84358
Sergnano;CR;45.42812;9.70479
Seriate;BG;45.68354;9.71764
Serina;BG;45.87138;9.73009
Serino;AV;40.85519;14.87231
Serle;BS;45.56174;10.36887
Sermide e Felonica;MN;45.00603;11.29897
Sermoneta;LT;41.54973;12.98383
Sernaglia della Battaglia;TV;45.87277;12.13183
Sernio;SO;46.22511;10.20333
Serole;AT;44.55375;8.25972
Serra Riccò;GE;44.50785;8.93604
Serra San Bruno;VV;38.57357;16.32695
Serra San Quirico;AN;43.44758;13.01483
Serra Sant'Abbondio;PU;43.49085;12.77062
Serra d'Aiello;CS;39.09004;16.12612
Serra de' Conti;AN;43.54258;13.03777
Serracapriola;FG;41.81008;15.16195
Serradifalco;CL;37.45654;13.88251
Serralunga d'Alba;CN;44.60922;8.00061
Serralunga di Crea;AL;45.10074;8.28186
Serramanna;SU;39.42465;8.92128
Serramazzoni;MO;44.42124;10.79019
Serramezzana;SA;40.24454;15.03229
Serramonacesca;PE;42.24772;14.09369
Serrapetrona;MC;43.17692;13.18937
Serrara Fontana;NA;40.71186;13.89311
Serrastretta;CZ;39.01259;16.41807
Serrata;RC;38.51277;16.10157
Serravalle Langhe;CN;44.56092;8.05766
Serravalle Pistoiese;PT;43.90559;10.83198
Serravalle Scrivia;AL;44.71947;8.85899
Serravalle Sesia;VC;45.68615;8.31148
Serravalle a Po;MN;45.06565;11.07981
Serravalle di Chienti;MC;43.07185;12.95202
Serre;SA;40.58119;15.18780
Serrenti;SU;39.49272;8.97500
Serri;SU;39.70120;9.14759
Serrone;FR;41.84067;13.09655
Sersale;CZ;39.01215;16.72561
Servigliano;FM;43.08078;13.49218
Sessa Aurunca;CE;41.24311;13.93279
Sessa Cilento;SA;40.25929;15.07527
Sessame;AT;44.66894;8.33783
Sessano del Molise;IS;41.63835;14.33197
Sesta Godano;SP;44.29400;9.67572
Sestino;AR;43.70842;12.29697
Sesto;BZ;46.70210;12.35032
Sesto Calende;VA;45.72379;8.63164
Sesto Campano;IS;41.42109;14.07736
Sesto Fiorentino;FI;43.83219;11.19843
Sesto San Giovanni;MI;45.53353;9.23651
Sesto al Reghena;PN;45.84857;12.81652
Sesto ed Uniti;CR;45.17550;9.91671
Sestola;MO;44.23015;10.77138
Sestri Levante;GE;44.26990;9.39316
Sestriere;TO;44.95765;6.87655
Sestu;CA;39.30032;9.09195
Settala;MI;45.45469;9.38688
Settefrati;FR;41.67028;13.85022
Settime;AT;44.96409;8.11289
Settimo Milanese;MI;45.48074;9.05677
Settimo Rottaro;TO;45.40490;7.99223
Settimo San Pietro;CA;39.29178;9.18403
Settimo Torinese;TO;45.13699;7.77124
Settimo Vittone;TO;45.54811;7.83172
Settingiano;CZ;38.91414;16.51330
Setzu;SU;39.72373;8.93976
Seui;SU;39.83975;9.32406
Seulo;SU;39.86796;9.23848
Seveso;MB;45.64735;9.13851
Sezzadio;AL;44.78559;8.57273
Sezze;LT;41.49794;13.05877
Sfruz;TN;46.33717;11.11547
Sgonico;TS;45.73658;13.74957
Sgurgola;FR;41.67072;13.14979
Siamaggiore;OR;39.94874;8.63615
Siamanna;OR;39.92019;8.75962
Siano;SA;40.80099;14.69362
Siapiccia;OR;39.92643;8.76176
Sicignano degli Alburni;SA;40.55934;15.30596
Siculiana;AG;37.33648;13.42004
Siddi;SU;39.66997;8.88943
Siderno;RC;38.26870;16.29759
Siena;SI;43.31816;11.33191
Sigillo;PG;43.33128;12.74077
Signa;FI;43.78239;11.09756
Silandro;BZ;46.62793;10.77314
Silanus;NU;40.29045;8.88945
Silea;TV;45.65505;12.29875
Siligo;SS;40.57724;8.72557
Siliqua;SU;39.29994;8.80893
Silius;SU;39.51748;9.29587
Sillano Giuncugnano;LU;44.22500;10.30240
Sillavengo;NO;45.52045;8.44053
Silvano Pietra;PV;45.03997;8.94818
Silvano d'Orba;AL;44.68557;8.67101
Silvi;TE;42.55681;14.11396
Simala;OR;39.71929;8.82963
Simaxis;OR;39.93034;8.69090
Simbario;VV;38.61080;16.33827
Simeri Crichi;CZ;38.95526;16.64617
Sinagra;ME;38.08324;14.84953
Sinalunga;SI;43.21239;11.73606
Sindia;NU;40.29607;8.65939
Sini;OR;39.75247;8.90636
Sinio;CN;44.59948;8.02156
Siniscola;NU;40.57501;9.69428
Sinnai;CA;39.29749;9.20553
Sinopoli;RC;38.26350;15.87742
Siracusa;SR;37.05992;15.29333
Sirignano;AV;40.94768;14.62882
Siris;OR;39.71281;8.77488
Sirmione;BS;45.46231;10.60947
Sirolo;AN;43.52602;13.61604
Sirone;LC;45.77255;9.32365
Sirtori;LC;45.73528;9.33386
Sissa Trecasali;PR;44.95830;10.25910
Siurgus Donigala;SU;39.59921;9.18513
Siziano;PV;45.32017;9.19872
Sizzano;NO;45.57735;8.43733
Sluderno;BZ;46.66423;10.58534
Smerillo;FM;43.00445;13.44547
Soave;VR;45.42262;11.24862
Socchieve;UD;46.40336;12.82351
Soddì;OR;40.12902;8.87719
Sogliano Cavour;LE;40.14623;18.19941
Sogliano al Rubicone;FC;44.00488;12.30014
Soglio;AT;44.99743;8.07812
Soiano del Lago;BS;45.53667;10.51363
Solagna;VI;45.81692;11.71800
Solarino;SR;37.10124;15.11910
Solaro;MI;45.61677;9.07952
Solarolo;RA;44.36017;11.84375
Solarolo Rainerio;CR;45.08126;10.35709
Solarussa;OR;39.95316;8.67076
Solbiate Arno;VA;45.72057;8.81347
Solbiate Olona;VA;45.65360;8.88734
Soldano;IM;43.82672;7.65408
Soleminis;SU;39.34814;9.18135
Solero;AL;44.91976;8.50771
Solesino;PD;45.17773;11.74225
Soleto;LE;40.18758;18.20719
Solferino;MN;45.37181;10.57298
Soliera;MO;44.73814;10.92473
Solignano;PR;44.61511;9.97940
Solofra;AV;40.83056;14.84651
Solonghello;AL;45.13095;8.28184
Solopaca;BN;41.19401;14.55292
Solto Collina;BG;45.78224;10.02593
Solza;BG;45.67777;9.49031
Somaglia;LO;45.14699;9.63789
Somano;CN;44.53589;8.01140
Somma Lombardo;VA;45.68378;8.70435
Somma Vesuviana;NA;40.86831;14.43975
Sommacampagna;VR;45.40710;10.84040
Sommariva Perno;CN;44.74319;7.90558
Sommariva del Bosco;CN;44.77129;7.78427
Sommatino;CL;37.33386;13.99122
Sommo;PV;45.13223;9.08378
Sona;VR;45.43403;10.83267
Soncino;CR;45.39989;9.87356
Sondalo;SO;46.33203;10.32368
Sondrio;SO;46.17099;9.87147
Songavazzo;BG;45.88092;9.98982
Sonico;BS;46.16331;10.35211
Sonnino;LT;41.41424;13.24169
Sora;FR;41.72008;13.61363
Soraga di Fassa;TN;46.39604;11.66881
Soragna;PR;44.92690;10.12232
Sorano;GR;42.68173;11.71383
Sorbo San Basile;CZ;39.01940;16.56937
Sorbo Serpico;AV;40.91685;14.88709
Sordevolo;BI;45.57150;7.97529
Sordio;LO;45.34020;9.36687
Soresina;CR;45.28864;9.85426
Sorgono;NU;40.02780;9.10371
Sorgà;VR;45.21203;10.98054
Sori;GE;44.37279;9.10437
Sorianello;VV;38.59225;16.23287
Soriano Calabro;VV;38.59645;16.23011
Soriano nel Cimino;VT;42.41893;12.23472
Sorico;CO;46.17212;9.37979
Soriso;NO;45.74227;8.40936
Sorisole;BG;45.74474;9.66254
Sormano;CO;45.87944;9.24708
Sorradile;OR;40.10665;8.93277
Sorrento;NA;40.62823;14.37853
Sorso;SS;40.79698;8.57786
Sortino;SR;37.16257;15.03283
Sospiro;CR;45.10566;10.15926
Sospirolo;BL;46.14200;12.07316
Sossano;VI;45.35857;11.50994
Sostegno;BI;45.65353;8.26899
Sotto il Monte Giovanni XXIII;BG;45.70570;9.49887
Sover;TN;46.22118;11.31533
Soverato;CZ;38.68848;16.54941
Sovere;BG;45.82416;10.02553
Soveria Mannelli;CZ;39.08409;16.37342
Soveria Simeri;CZ;38.94626;16.68044
Soverzene;BL;46.20377;12.30371
Sovicille;SI;43.28019;11.22834
Sovico;MB;45.64936;9.26489
Sovizzo;VI;45.52659;11.44311
Sovramonte;BL;46.05659;11.78655
Sozzago;NO;45.39782;8.72098
Spadafora;ME;38.22208;15.37414
Spadola;VV;38.60364;16.33651
Sparanise;CE;41.19057;14.09637
Sparone;TO;45.41330;7.54421
Specchia;LE;39.93884;18.29608
Spello;PG;42.99251;12.67126
Sperlinga;EN;37.76490;14.35337
Sperlonga;LT;41.25735;13.43615
Sperone;AV;40.95192;14.60282
Spessa;PV;45.11374;9.34923
Spezzano Albanese;CS;39.66184;16.30857
Spezzano della Sila;CS;39.29780;16.33736
Spiazzo;TN;46.10285;10.73680
Spigno Monferrato;AL;44.54303;8.33530
Spigno Saturnia;LT;41.30554;13.73423
Spilamberto;MO;44.53371;11.02374
Spilimbergo;PN;46.11212;12.90567
Spilinga;VV;38.62855;15.90584
Spinadesco;CR;45.14822;9.92829
Spinazzola;BT;40.96944;16.08927
Spinea;VE;45.49171;12.16470
Spineda;CR;45.06039;10.51651
Spinete;CB;41.54338;14.48755
Spineto Scrivia;AL;44.83763;8.87238
Spinetoli;AP;42.88934;13.77341
Spino d'Adda;CR;45.40052;9.49243
Spinone al Lago;BG;45.76476;9.92154
Spinoso;PZ;40.26538;15.96615
Spirano;BG;45.58217;9.67099
Spoleto;PG;42.73448;12.73830
Spoltore;PE;42.45569;14.14148
Spongano;LE;40.01313;18.36379
Spormaggiore;TN;46.21858;11.04823
Sporminore;TN;46.23712;11.03119
Spotorno;SV;44.22717;8.41946
Spresiano;TV;45.77943;12.25930
Spriana;SO;46.22015;9.86447
Squillace;CZ;38.78125;16.51924
Squinzano;LE;40.43444;18.04582
Staffolo;AN;43.43286;13.18632
Stagno Lombardo;CR;45.07323;10.08796
Staiti;RC;38.00005;16.03350
Stalettì;CZ;38.76618;16.54099
Stanghella;PD;45.13493;11.75641
Staranzano;GO;45.80551;13.50028
Statte;TA;40.56357;17.20062
Stazzano;AL;44.72726;8.86739
Stazzema;LU;43.99712;10.29563
Stazzona;CO;46.13899;9.27726
Stefanaconi;VV;38.67620;16.12717
Stella;SV;44.39689;8.49308
Stella Cilento;SA;40.23161;15.09330
Stellanello;SV;44.00032;8.05933
Stelvio;BZ;46.59770;10.54555
Stenico;TN;46.05301;10.85360
Sternatia;LE;40.22165;18.22385
Stezzano;BG;45.64976;9.65102
Stienta;RO;44.93820;11.54404
Stigliano;MT;40.40250;16.22805
Stignano;RC;38.41820;16.47048
Stilo;RC;38.47560;16.46707
Stimigliano;RI;42.29776;12.56569
Stintino;SS;40.93699;8.22629
Stio;SA;40.31081;15.25521
Stornara;FG;41.28816;15.76781
Stornarella;FG;41.25638;15.73022
Storo;TN;45.84927;10.58019
Stra;VE;45.40991;12.00488
Stradella;PV;45.07531;9.29517
Strambinello;TO;45.42324;7.76866
Strambino;TO;45.38459;7.88063
Strangolagalli;FR;41.60110;13.49190
Stregna;UD;46.12694;13.57794
Strembo;TN;46.12001;10.75161
Stresa;VB;45.88389;8.54073
Strevi;AL;44.69866;8.52246
Striano;NA;40.81386;14.57789
Strona;BI;45.62070;8.16928
Stroncone;TR;42.49825;12.66275
Strongoli;KR;39.26750;17.05273
Stroppiana;VC;45.23140;8.45348
Stroppo;CN;44.50564;7.12591
Strozza;BG;45.77425;9.57786
Sturno;AV;41.02217;15.11248
Suardi;PV;45.02945;8.74305
Subbiano;AR;43.57556;11.87028
Subiaco;RM;41.92523;13.09974
Succivo;CE;40.96551;14.25317
Sueglio;LC;46.08569;9.33310
Suelli;SU;39.56198;9.13191
Suello;LC;45.81855;9.30816
Suisio;BG;45.65979;9.50127
Sulbiate;MB;45.63483;9.42148
Sulmona;AQ;42.04781;13.92406
Sulzano;BS;45.69074;10.10278
Sumirago;VA;45.74028;8.77937
Summonte;AV;40.95009;14.74698
Suni;OR;40.27974;8.55028
Suno;NO;45.63115;8.54092
Supersano;LE;40.02006;18.23893
Supino;FR;41.60899;13.22333
Surano;LE;40.02834;18.34162
Surbo;LE;40.39755;18.13159
Susa;TO;45.13525;7.04642
Susegana;TV;45.85090;12.25004
Sustinente;MN;45.06881;11.01814
Sutera;CL;37.52558;13.73130
Sutri;VT;42.24202;12.22484
Sutrio;UD;46.51228;12.98993
Suvereto;LI;43.07925;10.67911
Suzzara;MN;44.99023;10.74562
Taceno;LC;46.02095;9.36514
Tadasuni;OR;40.11070;8.88261
Taggia;IM;43.84363;7.85052
Tagliacozzo;AQ;42.06871;13.25549
Taglio di Po;RO;45.00805;12.20917
Tagliolo Monferrato;AL;44.63908;8.66825
Taibon Agordino;BL;46.29880;12.01331
Taino;VA;45.76499;8.61659
Taipana;UD;46.25301;13.34526
Talamello;RN;43.90490;12.28613
Talamona;SO;46.13751;9.60947
Talana;NU;40.04117;9.49692
Taleggio;BG;45.89403;9.56481
Talla;AR;43.60200;11.78713
Talmassons;UD;45.92967;13.11591
Tambre;BL;46.12934;12.42312
Taormina;ME;37.85113;15.28308
Tarano;RI;42.35584;12.59489
Taranta Peligna;CH;42.01988;14.16912
Tarantasca;CN;44.49342;7.54506
Taranto;TA;40.47355;17.23238
Tarcento;UD;46.21556;13.22200
Tarquinia;VT;42.25445;11.75823
Tarsia;CS;39.61728;16.27302
Tartano;SO;46.10532;9.67931
Tarvisio;UD;46.50611;13.57332
Tarzo;TV;45.97297;12.23218
Tassarolo;AL;44.72659;8.76950
Taurano;AV;40.88402;14.63611
Taurasi;AV;41.00680;14.95789
Taurianova;RC;38.35256;16.01302
Taurisano;LE;39.95562;18.21438
Tavagnacco;UD;46.10113;13.21480
Tavagnasco;TO;45.54322;7.82261
Tavazzano con Villavesco;LO;45.32750;9.40970
Tavenna;CB;41.90864;14.76327
Taverna;CZ;39.02000;16.58247
Tavernerio;CO;45.79755;9.15043
Tavernola Bergamasca;BG;45.70922;10.04533
Tavernole sul Mella;BS;45.74808;10.24025
Taviano;LE;39.98299;18.08849
Tavigliano;BI;45.62363;8.05319
Tavoleto;PU;43.84623;12.59264
Tavullia;PU;43.89794;12.75320
Teana;PZ;40.12493;16.15017
Teano;CE;41.24967;14.06868
Teggiano;SA;40.37965;15.54041
Teglio;SO;46.17226;10.06328
Teglio Veneto;VE;45.81602;12.88433
Telese Terme;BN;41.21950;14.53112
Telgate;BG;45.62729;9.85342
Telti;SS;40.87611;9.35247
Telve;TN;46.07145;11.47889
Telve di Sopra;TN;46.07231;11.47256
Tempio Pausania;SS;40.90320;9.10323
Temù;BS;46.24975;10.47047
Tenna;TN;46.01458;11.26630
Tenno;TN;45.91860;10.83264
Teolo;PD;45.36679;11.70863
Teora;AV;40.85109;15.25279
Teramo;TE;42.65892;13.70440
Terdobbiate;NO;45.37635;8.69510
Terelle;FR;41.55357;13.77894
Terento;BZ;46.82895;11.77657
Terenzo;PR;44.61001;10.08764
Tergu;SS;40.86291;8.71241
Terlano;BZ;46.52883;11.24964
Terlizzi;BA;41.13091;16.54213
Terme Vigliatore;ME;38.13673;15.16241
Termeno sulla strada del vino;BZ;46.34140;11.23935
Termini Imerese;PA;37.98681;13.69594
Termoli;CB;42.00271;14.99554
Ternate;VA;45.78238;8.69480
Ternengo;BI;45.59011;8.11494
Terni;TR;42.56071;12.64669
Terno d'Isola;BG;45.68360;9.53143
Terracina;LT;41.29190;13.24879
Terragnolo;TN;45.87870;11.15304
Terralba;OR;39.72020;8.63618
Terranova Sappo Minulio;RC;38.32175;16.00747
Terranova da Sibari;CS;39.65582;16.34380
Terranova dei Passerini;LO;45.19868;9.67829
Terranova di Pollino;PZ;39.97681;16.29827
Terranuova Bracciolini;AR;43.55095;11.58583
Terrasini;PA;38.15295;13.08239
Terrassa Padovana;PD;45.24543;11.90358
Terravecchia;CS;39.46367;16.94752
Terrazzo;VR;45.17333;11.39847
Terre Roveresche;PU;43.68760;12.96410
Terre del Reno;FE;44.79320;11.38920
Terricciola;PI;43.52464;10.67604
Terruggia;AL;45.08306;8.44218
Tertenia;NU;39.69698;9.57724
Terzigno;NA;40.80768;14.49767
Terzo;AL;44.66954;8.42105
Terzo d'Aquileia;UD;45.80061;13.34633
Terzolas;TN;46.36137;10.92612
Terzorio;IM;43.85284;7.89825
Tesero;TN;46.28934;11.51119
Tesimo;BZ;46.56409;11.16913
Tessennano;VT;42.48041;11.79232
Testico;SV;44.00537;8.03097
Teti;NU;40.09644;9.11926
Teulada;SU;38.96813;8.77251
Teverola;CE;40.99332;14.20835
Tezze sul Brenta;VI;45.68743;11.70438
Thiene;VI;45.70731;11.47835
Thiesi;SS;40.52202;8.72058
Tiana;NU;40.06740;9.14888
Ticengo;CR;45.36915;9.82821
Ticineto;AL;45.09749;8.55555
Tiggiano;LE;39.90279;18.36723
Tiglieto;GE;44.52536;8.62045
Tigliole;AT;44.88727;8.07547
Tignale;BS;45.73952;10.72185
Tinnura;OR;40.26925;8.54821
Tione degli Abruzzi;AQ;42.20389;13.63575
Tione di Trento;TN;46.03171;10.72326
Tirano;SO;46.21687;10.17531
Tires;BZ;46.46717;11.52770
Tiriolo;CZ;38.94621;16.50752
Tirolo;BZ;46.69045;11.15358
Tissi;SS;40.67875;8.56237
Tito;PZ;40.58289;15.67776
Tivoli;RM;41.96350;12.79847
Tizzano Val Parma;PR;44.52086;10.19894
Toano;RE;44.37638;10.55895
Tocco Caudio;BN;41.12515;14.63248
Tocco da Casauria;PE;42.21793;13.91385
Toceno;VB;46.14344;8.46756
Todi;PG;42.78225;12.40690
Toffia;RI;42.21251;12.75237
Toirano;SV;44.12692;8.20719
Tolentino;MC;43.20873;13.28430
Tolfa;RM;42.14958;11.93776
Tollegno;BI;45.59445;8.05326
Tollo;CH;42.33950;14.31774
Tolmezzo;UD;46.40578;13.01488
Tolve;PZ;40.69092;16.01173
Tombolo;PD;45.64719;11.82529
Ton;TN;46.26590;11.08570
Tonara;NU;40.02477;9.17357
Tonco;AT;45.02411;8.18984
Tonengo;AT;45.11794;8.00210
Tonezza del Cimone;VI;45.85817;11.34624
Tora e Piccilli;CE;41.33835;14.02195
Torano Castello;CS;39.50490;16.14472
Torano Nuovo;TE;42.82337;13.77702
Torbole Casaglia;BS;45.50831;10.10503
Torcegno;TN;46.07328;11.45002
Torchiara;SA;40.32162;15.05370
Torchiarolo;BR;40.48028;18.05525
Torella dei Lombardi;AV;40.94218;15.11455
Torella del Sannio;CB;41.64044;14.52156
Torgiano;PG;43.02573;12.43398
Torgnon;AO;45.80147;7.57121
Torino;TO;45.07327;7.68069
Torino di Sangro;CH;42.18812;14.54089
Toritto;BA;40.99582;16.67887
Torlino Vimercati;CR;45.41851;9.59681
Tornaco;NO;45.35736;8.71791
Tornareccio;CH;42.03638;14.41281
Tornata;CR;45.10467;10.43085
Tornimparte;AQ;42.29095;13.30033
Torno;CO;45.85871;9.11892
Tornolo;PR;44.48491;9.62449
Toro;CB;41.57394;14.76595
Torpè;NU;40.62868;9.67845
Torraca;SA;40.11099;15.63632
Torralba;SS;40.51425;8.76198
Torrazza Coste;PV;44.97655;9.08645
Torrazza Piemonte;TO;45.21521;7.97490
Torrazzo;BI;45.49810;7.95540
Torre Annunziata;NA;40.75817;14.44759
Torre Beretti e Castellaro;PV;45.05997;8.67031
Torre Boldone;BG;45.71609;9.70773
Torre Bormida;CN;44.56310;8.15561
Torre Cajetani;FR;41.78922;13.26304
Torre Canavese;TO;45.39182;7.76054
Torre Le Nocelle;AV;41.02076;14.91263
Torre Mondovì;CN;44.35204;7.90035
Torre Orsaia;SA;40.13094;15.47144
Torre Pallavicina;BG;45.44146;9.86263
Torre Pellice;TO;44.82074;7.22398
Torre San Giorgio;CN;44.73582;7.52994
Torre San Patrizio;FM;43.18445;13.60753
Torre Santa Susanna;BR;40.46385;17.74281
Torre d'Arese;PV;45.24240;9.31682
Torre d'Isola;PV;45.21746;9.07640
Torre de' Negri;PV;45.15066;9.33560
Torre de' Passeri;PE;42.24496;13.92788
Torre de' Picenardi;CR;45.14400;10.28686
Torre de' Roveri;BG;45.69951;9.77221
Torre del Greco;NA;40.78669;14.36552
Torre di Mosto;VE;45.69072;12.71064
Torre di Ruggiero;CZ;38.65308;16.37280
Torre di Santa Maria;SO;46.23262;9.85210
Torreano;UD;46.13021;13.43248
Torrebelvicino;VI;45.71664;11.30659
Torrebruna;CH;41.86800;14.54115
Torrecuso;BN;41.18589;14.68102
Torreglia;PD;45.33603;11.72466
Torregrotta;ME;38.19166;15.35232
Torremaggiore;FG;41.69049;15.28697
Torrenova;ME;38.09113;14.67734
Torresina;CN;44.43221;8.03476
Torretta;PA;38.13118;13.23314
Torrevecchia Pia;PV;45.28287;9.29793
Torrevecchia Teatina;CH;42.37953;14.20607
Torri del Benaco;VR;45.60808;10.68522
Torri di Quartesolo;VI;45.51956;11.61629
Torri in Sabina;RI;42.35308;12.63847
Torrice;FR;41.62951;13.39811
Torricella;TA;40.35500;17.50175
Torricella Peligna;CH;42.02183;14.26112
Torricella Sicura;TE;42.65691;13.65508
Torricella Verzate;PV;45.01560;9.17584
Torricella del Pizzo;CR;45.02004;10.29565
Torricella in Sabina;RI;42.26075;12.86972
Torriglia;GE;44.51902;9.15778
Torrile;PR;44.89061;10.35508
Torrioni;AV;41.03410;14.81351
Torrita Tiberina;RM;42.23678;12.61741
Torrita di Siena;SI;43.16664;11.77189
Tortolì;NU;39.92543;9.65730
Tortona;AL;44.89474;8.86016
Tortora;CS;39.92210;15.76829
Tortorella;SA;40.14236;15.60625
Tortoreto;TE;42.80398;13.91333
Tortorici;ME;38.03054;14.82486
Torviscosa;UD;45.82348;13.27460
Toscolano-Maderno;BS;45.64168;10.60625
Tossicia;TE;42.54576;13.64881
Tovo San Giacomo;SV;44.17670;8.26854
Tovo di Sant'Agata;SO;46.24504;10.24667
Trabia;PA;37.99576;13.65541
Tradate;VA;45.71376;8.90569
Tramatza;OR;40.00288;8.64862
Trambileno;TN;45.86970;11.07341
Tramonti;SA;40.69484;14.64019
Tramonti di Sopra;PN;46.30997;12.78961
Tramonti di Sotto;PN;46.28495;12.79582
Tramutola;PZ;40.32123;15.78759
Trana;TO;45.03710;7.41730
Trani;BT;41.27409;16.41722
Traona;SO;46.14688;9.52678
Trapani;TP;38.01850;12.51366
Trappeto;PA;38.06656;13.03653
Trarego Viggiona;VB;46.03389;8.66399
Trasacco;AQ;41.95810;13.53881
Trasaghis;UD;46.28236;13.07538
Trasquera;VB;46.21248;8.21400
Tratalias;SU;39.10311;8.57759
Travacò Siccomario;PV;45.15248;9.16152
Travagliato;BS;45.52338;10.08022
Travedona-Monate;VA;45.80571;8.67726
Traversella;TO;45.50941;7.75041
Traversetolo;PR;44.63975;10.38164
Traves;TO;45.27058;7.42975
Travesio;PN;46.19647;12.87197
Travo;PC;44.86104;9.54284
Tre Ville;TN;46.05450;10.77830
Trebaseleghe;PD;45.59161;12.05140
Trebisacce;CS;39.86680;16.53046
Trecase;NA;40.76987;14.43595
Trecastagni;CT;37.61700;15.07920
Trecastelli;AN;43.67180;13.10640
Trecate;NO;45.43190;8.73506
Trecchina;PZ;40.02660;15.77972
Trecenta;RO;45.03086;11.46046
Tredozio;FC;44.07935;11.74370
Treglio;CH;42.26734;14.42487
Tregnago;VR;45.51664;11.16462
Treia;MC;43.31128;13.31230
Treiso;CN;44.68937;8.08685
Tremestieri Etneo;CT;37.57584;15.07214
Tremezzina;CO;45.98231;9.21350
Tremosine sul Garda;BS;45.76696;10.75381
Trentinara;SA;40.40068;15.10736
Trento;TN;46.06894;11.12123
Trentola Ducenta;CE;40.97565;14.17562
Trenzano;BS;45.47595;10.01571
Treppo Grande;UD;46.19098;13.15702
Trepuzzi;LE;40.40516;18.07369
Trequanda;SI;43.18865;11.66777
Tresana;MS;44.23824;9.95156
Trescore Balneario;BG;45.69509;9.84277
Trescore Cremasco;CR;45.40166;9.62544
Tresivio;SO;46.17470;9.94538
Tresnuraghes;OR;40.25093;8.51882
Trevenzuolo;VR;45.27131;10.93304
Trevi;PG;42.87713;12.74770
Trevi nel Lazio;FR;41.86223;13.24811
Trevico;AV;41.04808;15.23292
Treviglio;BG;45.52176;9.59265
Trevignano;TV;45.74266;12.08907
Trevignano Romano;RM;42.15576;12.24515
Treville;AL;45.09714;8.35976
Treviolo;BG;45.67162;9.61127
Treviso;TV;45.66755;12.24507
Treviso Bresciano;BS;45.71274;10.46200
Trezzano Rosa;MI;45.58498;9.48954
Trezzano sul Naviglio;MI;45.41868;9.06914
Trezzo Tinella;CN;44.67695;8.10758
Trezzo sull'Adda;MI;45.61015;9.51924
Trezzone;CO;46.17146;9.35534
Tribano;PD;45.21060;11.83326
Tribiano;MI;45.40420;9.36826
Tribogna;GE;44.41627;9.19560
Tricarico;MT;40.61896;16.14058
Tricase;LE;39.93495;18.35076
Tricerro;VC;45.23380;8.32515
Tricesimo;UD;46.16222;13.21252
Triei;NU;40.03693;9.64122
Trieste;TS;45.64944;13.76814
Triggiano;BA;41.06531;16.92503
Trigolo;CR;45.32926;9.81162
Trinitapoli;BT;41.35957;16.08555
Trinità;CN;44.50747;7.75804
Trinità d'Agultu e Vignola;SS;40.98564;8.91371
Trino;VC;45.19421;8.29690
Triora;IM;43.99381;7.76211
Tripi;ME;38.04934;15.09943
Trisobbio;AL;44.66230;8.58628
Trissino;VI;45.56514;11.37422
Triuggio;MB;45.65919;9.26445
Trivento;CB;41.78410;14.55097
Trivigliano;FR;41.77595;13.27282
Trivignano Udinese;UD;45.94149;13.34749
Trivigno;PZ;40.58094;15.98929
Trivolzio;PV;45.26094;9.04708
Trodena nel parco naturale;BZ;46.32293;11.34934
Trofarello;TO;44.98596;7.74030
Troia;FG;41.36167;15.30811
Troina;EN;37.78502;14.60045
Tromello;PV;45.21184;8.86960
Trontano;VB;46.12225;8.33448
Tronzano Lago Maggiore;VA;46.09147;8.73552
Tronzano Vercellese;VC;45.34279;8.17469
Tropea;VV;38.67863;15.89789
Trovo;PV;45.28285;9.03577
Truccazzano;MI;45.48357;9.46626
Tubre;BZ;46.64602;10.46436
Tufara;CB;41.48185;14.94578
Tufillo;CH;41.91633;14.62636
Tufino;NA;40.95559;14.56517
Tufo;AV;41.00995;14.82425
Tuglie;LE;40.07018;18.10299
Tuili;SU;39.71467;8.96018
Tula;SS;40.73373;8.98668
Tuoro sul Trasimeno;PG;43.20876;12.07174
Turania;RI;42.13743;13.00977
Turano Lodigiano;LO;45.24824;9.62272
Turate;CO;45.65507;9.00121
Turbigo;MI;45.52847;8.73521
Turi;BA;40.91562;17.01911
Turri;SU;39.70310;8.91816
Turriaco;GO;45.82089;13.44482
Turrivalignani;PE;42.26296;14.02868
Tursi;MT;40.24650;16.47721
Tusa;ME;37.98457;14.23853
Tuscania;VT;42.41672;11.87564
Ubiale Clanezzo;BG;45.78339;9.61669
Uboldo;VA;45.61071;9.00307
Ucria;ME;38.04563;14.88092
Udine;UD;46.06256;13.23484
Ugento;LE;39.92857;18.16168
Uggiano la Chiesa;LE;40.09952;18.45399
Uggiate-Trevano;CO;45.82330;8.96175
Ulassai;NU;39.81157;9.49991
Ultimo;BZ;46.54883;11.00307
Ulà Tirso;OR;40.04502;8.90543
Umbertide;PG;43.30646;12.32693
Umbriatico;KR;39.35281;16.91719
Urago d'Oglio;BS;45.51333;9.87035
Uras;OR;39.69835;8.70108
Urbana;PD;45.19085;11.44356
Urbania;PU;43.66838;12.52427
Urbe;SV;44.48775;8.59239
Urbino;PU;43.72512;12.63730
Urbisaglia;MC;43.19704;13.37679
Urgnano;BG;45.59854;9.68918
Uri;SS;40.63792;8.48650
Ururi;CB;41.81518;15.01183
Urzulei;NU;40.09361;9.50735
Uscio;GE;44.41320;9.16329
Usellus;OR;39.80828;8.85263
Usini;SS;40.66372;8.54057
Usmate Velate;MB;45.65066;9.36146
Ussana;SU;39.39275;9.07771
Ussaramanna;SU;39.69128;8.91030
Ussassai;NU;39.81056;9.39348
Usseaux;TO;45.04850;7.02687
Usseglio;TO;45.23272;7.21722
Ussita;MC;42.94408;13.13846
Ustica;PA;38.71008;13.19284
Uta;CA;39.29306;8.95298
Uzzano;PT;43.88172;10.70908
Vaccarizzo Albanese;CS;39.58707;16.43323
Vacone;RI;42.38627;12.63579
Vacri;CH;42.29778;14.23279
Vadena;BZ;46.41450;11.30518
Vado Ligure;SV;44.26934;8.43628
Vagli Sotto;LU;44.11439;10.28040
Vaglia;FI;43.90657;11.28136
Vaglio Basilicata;PZ;40.66580;15.92000
Vaglio Serra;AT;44.79654;8.33893
Vaiano;PO;43.96865;11.12331
Vaiano Cremasco;CR;45.37250;9.59127
Vaie;TO;45.10189;7.28663
Vailate;CR;45.46162;9.60501
Vairano Patenora;CE;41.33307;14.13173
Vajont;PN;46.14661;12.69803
Val Brembilla;BG;45.82110;9.59647
Val Liona;VI;45.42080;11.46410
Val Masino;SO;46.21108;9.63664
Val Rezzo;CO;46.07229;9.11062
Val della Torre;TO;45.15556;7.44941
Val di Nizza;PV;44.87933;9.16683
Val di Vizze;BZ;46.89971;11.46247
Val di Zoldo;BL;46.34870;12.18300
Valbondione;BG;46.03798;10.01262
Valbrembo;BG;45.71643;9.60837
Valbrevenna;GE;44.55653;9.06503
Valbrona;CO;45.87779;9.29677
Valdagno;VI;45.64538;11.29948
Valdaone;TN;45.94810;10.62210
Valdaora;BZ;46.76141;12.03097
Valdastico;VI;45.88325;11.36335
Valdengo;BI;45.57111;8.13615
Valderice;TP;38.03795;12.61749
Valdidentro;SO;46.48933;10.29681
Valdieri;CN;44.27764;7.39614
Valdina;ME;38.19350;15.37074
Valdisotto;SO;46.43167;10.35511
Valdobbiadene;TV;45.90130;11.99524
Valduggia;VC;45.72639;8.32786
Valeggio;PV;45.15064;8.86129
Valeggio sul Mincio;VR;45.35364;10.73445
Valentano;VT;42.56920;11.81838
Valenza;AL;45.01447;8.64623
Valenzano;BA;41.04215;16.88758
Valera Fratta;LO;45.25682;9.33351
Valfabbrica;PG;43.15941;12.60129
Valfenera;AT;44.89687;7.96510
Valfloriana;TN;46.24897;11.34214
Valfornace;MC;43.06490;13.08390
Valfurva;SO;46.46308;10.41086
Valganna;VA;45.90277;8.82395
Valgioie;TO;45.07601;7.33964
Valgoglio;BG;45.97560;9.91394
Valgrana;CN;44.40961;7.38061
Valgreghentino;LC;45.76944;9.41320
Valgrisenche;AO;45.63034;7.06476
Valguarnera Caropepe;EN;37.49668;14.38816
Vallada Agordina;BL;46.36815;11.93092
Vallanzengo;BI;45.60349;8.14830
Vallarsa;TN;45.78259;11.11763
Vallata;AV;41.03692;15.25136
Valle Agricola;CE;41.42428;14.25593
Valle Aurina;BZ;46.99686;11.98080
Valle Castellana;TE;42.73541;13.49763
Valle Lomellina;PV;45.14712;8.66496
Valle Salimbene;PV;45.16963;9.23298
Valle San Nicolao;BI;45.60703;8.14077
Valle dell'Angelo;SA;40.34377;15.36869
Valle di Cadore;BL;46.41704;12.32782
Valle di Casies;BZ;46.81103;12.22720
Valle di Maddaloni;CE;41.08011;14.41679
Vallebona;IM;43.81328;7.66684
Vallecorsa;FR;41.44466;13.40577
Vallecrosia;IM;43.79318;7.64379
Valledolmo;PA;37.74708;13.82826
Valledoria;SS;40.92776;8.82245
Vallefiorita;CZ;38.77635;16.46438
Vallefoglia;PU;43.82640;12.80130
Vallelaghi;TN;46.08000;11.00050
Vallelonga;VV;38.64696;16.29599
Vallelunga Pratameno;CL;37.68021;13.83047
Vallemaio;FR;41.36610;13.81155
Vallepietra;RM;41.92680;13.23085
Vallerano;VT;42.38378;12.26396
Vallermosa;SU;39.36309;8.79624
Vallerotonda;FR;41.55217;13.91260
Vallesaccarda;AV;41.06441;15.25197
Valleve;BG;46.02820;9.74323
Valli del Pasubio;VI;45.74180;11.25986
Vallinfreda;RM;42.08449;12.99541
Vallio Terme;BS;45.60923;10.39578
Vallo Torinese;TO;45.22350;7.49929
Vallo della Lucania;SA;40.22878;15.26707
Vallo di Nera;PG;42.76932;12.86221
Valloriate;CN;44.33815;7.37457
Valmacca;AL;45.10046;8.58234
Valmadrera;LC;45.84698;9.36027
Valmontone;RM;41.77688;12.91775
Valmorea;CO;45.81329;8.93063
Valmozzola;PR;44.56826;9.88488
Valnegra;BG;45.94912;9.68947
Valpelline;AO;45.82642;7.32855
Valperga;TO;45.37027;7.65679
Valprato Soana;TO;45.52237;7.54897
Valsamoggia;BO;44.50310;11.08040
Valsavarenche;AO;45.59199;7.20831
Valsinni;MT;40.17067;16.44199
Valsolda;CO;46.02446;9.05613
Valstrona;VB;45.90729;8.34082
Valtopina;PG;43.05904;12.75447
Valtorta;BG;45.97758;9.53501
Valtournenche;AO;45.87708;7.62271
Valva;SA;40.73971;15.26989
Valvasone Arzene;PN;46.00220;12.84770
Valverde;CT;37.57900;15.12482
Valvestino;BS;45.76184;10.59482
Vandoies;BZ;46.81615;11.72213
Vanzaghello;MI;45.57776;8.78556
Vanzago;MI;45.52649;9.00065
Vanzone con San Carlo;VB;45.97997;8.11036
Vaprio d'Adda;MI;45.57646;9.53347
Vaprio d'Agogna;NO;45.60353;8.55405
Varallo;VC;45.81404;8.25621
Varallo Pombia;NO;45.66670;8.63305
Varano Borghi;VA;45.77779;8.70194
Varano de' Melegari;PR;44.68707;10.01428
Varapodio;RC;38.31465;15.98323
Varazze;SV;44.36000;8.57640
Varco Sabino;RI;42.23963;13.01996
Varedo;MB;45.59805;9.15706
Varenna;LC;46.01061;9.28359
Varese;VA;45.81702;8.82287
Varese Ligure;SP;44.37773;9.59568
Varisella;TO;45.20984;7.48903
Varmo;UD;45.88674;12.98815
Varna;BZ;46.74006;11.63584
Varsi;PR;44.66291;9.84568
Varzi;PV;44.82200;9.19627
Varzo;VB;46.20673;8.25548
Vasanello;VT;42.41816;12.34649
Vasia;IM;43.93302;7.95411
Vasto;CH;42.11221;14.70792
Vastogirardi;IS;41.77424;14.25943
Vauda Canavese;TO;45.27924;7.61821
Vazzano;VV;38.63354;16.24600
Vazzola;TV;45.83784;12.37919
Vecchiano;PI;43.78160;10.38660
Vedano Olona;VA;45.77671;8.88636
Vedano al Lambro;MB;45.60953;9.27289
Vedelago;TV;45.68707;12.01832
Vedeseta;BG;45.88946;9.54266
Veduggio con Colzano;MB;45.73579;9.26761
Veggiano;PD;45.44789;11.71371
Veglie;LE;40.33506;17.96574
Veglio;BI;45.64008;8.11414
Vejano;VT;42.21630;12.09528
Veleso;CO;45.90875;9.18088
Velezzo Lomellina;PV;45.16371;8.73721
Velletri;RM;41.68638;12.77720
Vellezzo Bellini;PV;45.26953;9.10213
Velo Veronese;VR;45.60528;11.09589
Velo d'Astico;VI;45.78865;11.36619
Velturno;BZ;46.66947;11.60010
Venafro;IS;41.48619;14.04511
Venaria Reale;TO;45.13254;7.63150
Venarotta;AP;42.88118;13.49282
Venasca;CN;44.56254;7.39495
Venaus;TO;45.15470;7.01195
Vendone;SV;44.07401;8.07426
Venegono Inferiore;VA;45.73588;8.89943
Venegono Superiore;VA;45.74912;8.90172
Venetico;ME;38.21905;15.36480
Venezia;VE;45.43490;12.33845
Veniano;CO;45.71629;8.98499
Venosa;PZ;40.96455;15.82328
Ventasso;RE;44.36980;10.32440
Venticano;AV;41.04615;14.91752
Ventimiglia;IM;43.79004;7.60863
Ventimiglia di Sicilia;PA;37.92614;13.56791
Ventotene;LT;40.79636;13.43305
Venzone;UD;46.33369;13.13902
Verano;BZ;46.60511;11.22574
Verano Brianza;MB;45.68465;9.22961
Verbania;VB;45.92145;8.55108
Verbicaro;CS;39.75489;15.91112
Vercana;CO;46.16002;9.33043
Verceia;SO;46.19663;9.45276
Vercelli;VC;45.32398;8.42323
Vercurago;LC;45.81075;9.42480
Verdellino;BG;45.60418;9.61534
Verdello;BG;45.60652;9.62702
Verderio;LC;45.66300;9.44182
Verduno;CN;44.66812;7.93377
Vergato;BO;44.28394;11.11278
Verghereto;FC;43.79565;12.00588
Vergiate;VA;45.72454;8.69540
Vermiglio;TN;46.29883;10.69285
Vernante;CN;44.24556;7.53370
Vernasca;PC;44.79993;9.82959
Vernate;MI;45.31588;9.06043
Vernazza;SP;44.13523;9.68373
Vernio;PO;44.05334;11.15576
Vernole;LE;40.28846;18.29874
Verolanuova;BS;45.32578;10.07665
Verolavecchia;BS;45.33052;10.05181
Verolengo;TO;45.18905;7.96716
Veroli;FR;41.69100;13.41788
Verona;VR;45.43839;10.99353
Veronella;VR;45.32308;11.32049
Verrayes;AO;45.76144;7.53225
Verretto;PV;45.04004;9.10770
Verrone;BI;45.50394;8.11972
Verrua Po;PV;45.11133;9.17317
Verrua Savoia;TO;45.15655;8.09315
Verrès;AO;45.66873;7.68994
Vertemate con Minoprio;CO;45.72517;9.07217
Vertova;BG;45.80859;9.84987
Verucchio;RN;43.98371;12.42138
Vervio;SO;46.25285;10.24053
Verzegnis;UD;46.38961;12.99357
Verzino;KR;39.31248;16.86168
Verzuolo;CN;44.59955;7.48313
Vescovana;PD;45.13395;11.70804
Vescovato;CR;45.17637;10.16812
Vesime;AT;44.63720;8.22823
Vespolate;NO;45.34947;8.66904
Vessalico;IM;44.04623;7.96225
Vestenanova;VR;45.57345;11.22762
Vestignè;TO;45.38670;7.95388
Vestone;BS;45.70960;10.40370
Vetralla;VT;42.32082;12.05352
Vetto;RE;44.48405;10.33924
Vezza d'Alba;CN;44.76390;7.99609
Vezza d'Oglio;BS;46.24012;10.40008
Vezzano Ligure;SP;44.14136;9.88448
Vezzano sul Crostolo;RE;44.60092;10.54644
Vezzi Portio;SV;44.22895;8.36195
Viadana;MN;44.92612;10.52143
Viadanica;BG;45.68553;9.96132
Viagrande;CT;37.61059;15.09633
Viale;AT;44.99927;8.05229
Vialfrè;TO;45.38084;7.81817
Viano;RE;44.54829;10.62041
Viareggio;LU;43.86694;10.24981
Viarigi;AT;44.98045;8.35869
Vibo Valentia;VV;38.67624;16.10158
Vibonati;SA;40.10320;15.57994
Vicalvi;FR;41.67650;13.70593
Vicari;PA;37.82658;13.57075
Vicchio;FI;43.93378;11.46544
Vicenza;VI;45.54750;11.54597
Vico Equense;NA;40.66443;14.42534
Vico del Gargano;FG;41.89687;15.95552
Vico nel Lazio;FR;41.77679;13.34160
Vicoforte;CN;44.37496;7.86499
Vicoli;PE;42.33985;13.89515
Vicolungo;NO;45.47883;8.46132
Vicopisano;PI;43.69975;10.58439
Vicovaro;RM;42.01448;12.89153
Viddalba;SS;40.91706;8.89458
Vidigulfo;PV;45.29187;9.23483
Vidor;TV;45.86346;12.03883
Vidracco;TO;45.43045;7.75902
Vieste;FG;41.88161;16.18063
Vietri di Potenza;PZ;40.59962;15.50702
Vietri sul Mare;SA;40.67203;14.72816
Vigano San Martino;BG;45.72609;9.89576
Viganò;LC;45.72607;9.32420
Vigarano Mainarda;FE;44.84176;11.50032
Vigasio;VR;45.31745;10.94334
Vigevano;PV;45.31761;8.85988
Viggianello;PZ;39.97299;16.08804
Viggiano;PZ;40.34026;15.90337
Viggiù;VA;45.87201;8.90704
Vighizzolo d'Este;PD;45.17633;11.62374
Vigliano Biellese;BI;45.56216;8.10994
Vigliano d'Asti;AT;44.83511;8.23189
Vignale Monferrato;AL;45.01093;8.39654
Vignanello;VT;42.38384;12.27807
Vignate;MI;45.49637;9.37704
Vignola;MO;44.47954;11.01076
Vignola-Falesina;TN;46.04392;11.27817
Vignole Borbera;AL;44.70829;8.89056
Vignolo;CN;44.35956;7.46989
Vignone;VB;45.96044;8.56639
Vigo di Cadore;BL;46.49967;12.47122
Vigodarzere;PD;45.46063;11.87883
Vigolo;BG;45.71642;10.02631
Vigolzone;PC;44.91152;9.66979
Vigone;TO;44.84236;7.49452
Vigonovo;VE;45.38543;12.00775
Vigonza;PD;45.44364;11.98306
Viguzzolo;AL;44.90492;8.92008
Villa Bartolomea;VR;45.15928;11.35333
Villa Basilica;LU;43.92778;10.64510
Villa Biscossi;PV;45.08996;8.78669
Villa Carcina;BS;45.63142;10.19527
Villa Castelli;BR;40.57717;17.47589
Villa Celiera;PE;42.38069;13.85920
Villa Collemandina;LU;44.15958;10.39757
Villa Cortese;MI;45.56550;8.88569
Villa Estense;PD;45.17220;11.66719
Villa Faraldi;IM;43.96709;8.09147
Villa Guardia;CO;45.77473;9.02592
Villa Lagarina;TN;45.91604;11.03185
Villa Latina;FR;41.61382;13.83736
Villa Literno;CE;41.00974;14.07411
Villa Minozzo;RE;44.36521;10.46719
Villa San Giovanni;RC;38.21917;15.63692
Villa San Giovanni in Tuscia;VT;42.28352;12.05294
Villa San Pietro;CA;39.03383;8.99508
Villa San Secondo;AT;45.00518;8.13526
Villa Sant'Angelo;AQ;42.27003;13.53754
Villa Sant'Antonio;OR;39.85816;8.90128
Villa Santa Lucia;FR;41.50910;13.76979
Villa Santa Lucia degli Abruzzi;AQ;42.33303;13.77819
Villa Santa Maria;CH;41.95121;14.35065
Villa Santina;UD;46.41546;12.92401
Villa Santo Stefano;FR;41.51692;13.31096
Villa Verde;OR;39.79604;8.82102
Villa d'Adda;BG;45.71283;9.46461
Villa d'Almè;BG;45.74634;9.61792
Villa d'Ogna;BG;45.90754;9.93053
Villa del Bosco;BI;45.62029;8.28265
Villa del Conte;PD;45.58349;11.85935
Villa di Briano;CE;40.99834;14.16848
Villa di Chiavenna;SO;46.33124;9.48897
Villa di Serio;BG;45.72011;9.73420
Villa di Tirano;SO;46.20268;10.13321
Villabassa;BZ;46.73776;12.16907
Villabate;PA;38.07564;13.44209
Villachiara;BS;45.35687;9.92961
Villacidro;SU;39.45597;8.73213
Villadeati;AL;45.07244;8.16970
Villadose;RO;45.07367;11.88967
Villadossola;VB;46.06771;8.26013
Villafalletto;CN;44.54428;7.53889
Villafranca Padovana;PD;45.49499;11.79716
Villafranca Piemonte;TO;44.78128;7.50451
Villafranca Sicula;AG;37.58683;13.29094
Villafranca Tirrena;ME;38.23545;15.43250
Villafranca d'Asti;AT;44.91367;8.03221
Villafranca di Verona;VR;45.35080;10.84674
Villafranca in Lunigiana;MS;44.29198;9.95103
Villafrati;PA;37.90807;13.48672
Villaga;VI;45.40229;11.53399
Villagrande Strisaili;NU;39.96182;9.50642
Villalago;AQ;41.93601;13.83577
Villalba;CL;37.65498;13.84393
Villalfonsina;CH;42.16480;14.57409
Villalvernia;AL;44.81761;8.85664
Villamagna;CH;42.33323;14.23673
Villamaina;AV;40.97122;15.08818
Villamar;SU;39.61787;8.96202
Villamarzana;RO;45.01096;11.69227
Villamassargia;SU;39.27558;8.64037
Villamiroglio;AL;45.13445;8.16976
Villandro;BZ;46.63141;11.53983
Villanova Biellese;BI;45.48275;8.19270
Villanova Canavese;TO;45.24294;7.55354
Villanova Marchesana;RO;44.99126;11.96702
Villanova Mondovì;CN;44.34446;7.76209
Villanova Monferrato;AL;45.18179;8.47847
Villanova Monteleone;SS;40.50357;8.47038
Villanova Solaro;CN;44.72964;7.57603
Villanova Truschedu;OR;39.98959;8.75257
Villanova Tulo;SU;39.77989;9.21507
Villanova d'Albenga;SV;44.04590;8.14308
Villanova d'Ardenghi;PV;45.17134;9.04324
Villanova d'Asti;AT;44.94189;7.93722
Villanova del Battista;AV;41.12245;15.15847
Villanova del Ghebbo;RO;45.05561;11.64439
Villanova del Sillaro;LO;45.23731;9.48089
Villanova di Camposampiero;PD;45.48964;11.97277
Villanova sull'Arda;PC;45.02582;9.99742
Villanovaforru;SU;39.63268;8.86861
Villanovafranca;SU;39.64512;9.00142
Villanterio;PV;45.22072;9.36041
Villanuova sul Clisi;BS;45.60166;10.45371
Villaperuccio;SU;39.11158;8.67224
Villapiana;CS;39.84696;16.45512
Villaputzu;SU;39.44009;9.57483
Villar Dora;TO;45.11784;7.38382
Villar Focchiardo;TO;45.10972;7.22669
Villar Pellice;TO;44.80859;7.15828
Villar Perosa;TO;44.92019;7.24927
Villar San Costanzo;CN;44.48301;7.38030
Villarbasse;TO;45.04487;7.46800
Villarboit;VC;45.43665;8.33687
Villareggia;TO;45.31101;7.97850
Villaricca;NA;40.92181;14.19482
Villaromagnano;AL;44.85109;8.88713
Villarosa;EN;37.58792;14.17423
Villasalto;SU;39.49376;9.38877
Villasanta;MB;45.60427;9.30195
Villasimius;SU;39.14238;9.52037
Villasor;SU;39.38069;8.94065
Villaspeciosa;SU;39.31281;8.92693
Villastellone;TO;44.92155;7.74535
Villata;VC;45.38561;8.43260
Villaurbana;OR;39.88618;8.77810
Villavallelonga;AQ;41.86735;13.62454
Villaverla;VI;45.65498;11.49359
Ville d'Anaunia;TN;46.32980;11.02400
Villeneuve;AO;45.70275;7.20774
Villesse;GO;45.85978;13.43813
Villetta Barrea;AQ;41.77660;13.92775
Villette;VB;46.13129;8.53408
Villimpenta;MN;45.14494;11.02939
Villongo;BG;45.67239;9.93475
Villorba;TV;45.71287;12.26036
Vilminore di Scalve;BG;45.99795;10.09529
Vimercate;MB;45.61317;9.36975
Vimodrone;MI;45.51433;9.28709
Vinadio;CN;44.30709;7.17434
Vinchiaturo;CB;41.49330;14.58657
Vinchio;AT;44.80741;8.31730
Vinci;FI;43.78714;10.92649
Vinovo;TO;44.94878;7.63424
Vinzaglio;NO;45.32366;8.51841
Viola;CN;44.29048;7.96624
Vione;BS;46.24881;10.44780
Vipiteno;BZ;46.89797;11.43179
Virle Piemonte;TO;44.86594;7.56889
Visano;BS;45.31626;10.36908
Vische;TO;45.33157;7.95138
Visciano;NA;40.92373;14.58724
Visco;UD;45.89154;13.34788
Visone;AL;44.66206;8.50328
Visso;MC;42.93076;13.08831
Vistarino;PV;45.21148;9.30646
Vistrorio;TO;45.44110;7.76942
Vita;TP;37.86843;12.81459
Viterbo;VT;42.41738;12.10473
Viticuso;FR;41.52461;13.96868
Vito d'Asio;PN;46.23334;12.95853
Vitorchiano;VT;42.47031;12.17422
Vittoria;RG;36.94879;14.53801
Vittorio Veneto;TV;45.98992;12.29614
Vittorito;AQ;42.12545;13.81617
Vittuone;MI;45.48777;8.95330
Vitulano;BN;41.17285;14.65005
Vitulazio;CE;41.16413;14.21899
Vivaro;PN;46.07419;12.77641
Vivaro Romano;RM;42.10032;13.00664
Viverone;BI;45.42560;8.05066
Vizzini;CT;37.16103;14.74852
Vizzola Ticino;VA;45.63123;8.68505
Vizzolo Predabissi;MI;45.35700;9.34658
Viù;TO;45.23894;7.37647
Vo';PD;45.32854;11.64098
Vobarno;BS;45.64700;10.49656
Vobbia;GE;44.59977;9.03982
Vocca;VC;45.83098;8.18753
Vodo Cadore;BL;46.41810;12.25032
Voghera;PV;44.99313;9.00852
Voghiera;FE;44.75814;11.75125
Vogogna;VB;46.00783;8.29549
Volano;TN;45.91719;11.06079
Volla;NA;40.87951;14.34632
Volongo;CR;45.21155;10.30251
Volpago del Montello;TV;45.77745;12.11866
Volpara;PV;44.95379;9.29748
Volpedo;AL;44.88880;8.98338
Volpeglino;AL;44.89305;8.95896
Volpiano;TO;45.20190;7.77555
Volta Mantovana;MN;45.31958;10.65949
Voltaggio;AL;44.62013;8.84266
Voltago Agordino;BL;46.27198;12.00493
Volterra;PI;43.40171;10.85941
Voltido;CR;45.11176;10.33339
Volturara Appula;FG;41.49501;15.05176
Volturara Irpina;AV;40.87882;14.91717
Volturino;FG;41.47818;15.12438
Volvera;TO;44.95502;7.51230
Vottignasco;CN;44.56481;7.57821
Zaccanopoli;VV;38.66410;15.93069
Zafferana Etnea;CT;37.69471;15.10338
Zagarise;CZ;38.99975;16.66060
Zagarolo;RM;41.83987;12.82964
Zambrone;VV;38.69878;15.98982
Zandobbio;BG;45.68654;9.85241
Zanica;BG;45.64196;9.68097
Zanè;VI;45.72061;11.45408
Zapponeta;FG;41.45582;15.95523
Zavattarello;PV;44.86874;9.26544
Zeccone;PV;45.26093;9.19841
Zeddiani;OR;39.98958;8.59549
Zelbio;CO;45.90503;9.18089
Zelo Buon Persico;LO;45.41161;9.42923
Zeme;PV;45.19493;8.66631
Zenevredo;PV;45.05390;9.32664
Zenson di Piave;TV;45.67824;12.49260
Zerba;PC;44.66562;9.28771
Zerbo;PV;45.11055;9.39545
Zerbolò;PV;45.20676;9.01439
Zerfaliu;OR;39.95802;8.70755
Zeri;MS;44.35292;9.76350
Zermeghedo;VI;45.47543;11.36889
Zero Branco;TV;45.59934;12.16411
Zevio;VR;45.37556;11.13534
Ziano Piacentino;PC;45.00223;9.40264
Ziano di Fiemme;TN;46.28647;11.56112
Zibido San Giacomo;MI;45.35966;9.10588
Zignago;SP;44.27754;9.74496
Zimella;VR;45.36352;11.33921
Zimone;BI;45.44945;8.03735
Zinasco;PV;45.12825;9.02850
Zoagli;GE;44.33703;9.26724
Zocca;MO;44.34506;10.99528
Zogno;BG;45.79482;9.66792
Zola Predosa;BO;44.49224;11.21818
Zollino;LE;40.20523;18.25138
Zone;BS;45.76220;10.11661
Zoppola;PN;45.96639;12.77040
Zoppè di Cadore;BL;46.38639;12.17264
Zovencedo;VI;45.42800;11.50266
Zubiena;BI;45.49283;7.99733
Zuccarello;SV;44.11135;8.11566
Zugliano;VI;45.73361;11.52143
Zuglio;UD;46.46095;13.02643
Zumaglia;BI;45.59478;8.08870
Zumpano;CS;39.31063;16.29351
Zungoli;AV;41.12766;15.20256
Zungri;VV;38.65678;15.98364
